run,arch,sampling,held_out,seed,epochs,batch_size,learning_rate,dataset_sha256,git_commit,git_dirty,device,wall_clock_seconds
geoaware__geo-axial__holdout-expanded__seed-00,geoaware,geo-axial,expanded,0,1000,8192,0.0005,9e990c8bdb32afbe92f8ffd861f60ddaadb05ed32680f95d69259c3701adf966,f93559813bf07acd58fdfce71085e54825607a47,False,mps,18.26356045808643
geoaware__geo-axial__holdout-expanded__seed-01,geoaware,geo-axial,expanded,1,1000,8192,0.0005,9e990c8bdb32afbe92f8ffd861f60ddaadb05ed32680f95d69259c3701adf966,f93559813bf07acd58fdfce71085e54825607a47,False,mps,18.16693204268813
geoaware__geo-axial__holdout-expanded__seed-02,geoaware,geo-axial,expanded,2,1000,8192,0.0005,9e990c8bdb32afbe92f8ffd861f60ddaadb05ed32680f95d69259c3701adf966,f93559813bf07acd58fdfce71085e54825607a47,False,mps,18.159354249946773
geoaware__geo-axial__holdout-expanded__seed-03,geoaware,geo-axial,expanded,3,1000,8192,0.0005,9e990c8bdb32afbe92f8ffd861f60ddaadb05ed32680f95d69259c3701adf966,f93559813bf07acd58fdfce71085e54825607a47,False,mps,18.18184012454003
geoaware__geo-axial__holdout-expanded__seed-04,geoaware,geo-axial,expanded,4,1000,8192,0.0005,9e990c8bdb32afbe92f8ffd861f60ddaadb05ed32680f95d69259c3701adf966,f93559813bf07acd58fdfce71085e54825607a47,False,mps,18.18991258274764
geoaware__geo-axial__holdout-hyperbolic__seed-00,geoaware,geo-axial,hyperbolic,0,1000,8192,0.0005,9e990c8bdb32afbe92f8ffd861f60ddaadb05ed32680f95d69259c3701adf966,f93559813bf07acd58fdfce71085e54825607a47,False,mps,18.089320374652743
geoaware__geo-axial__holdout-hyperbolic__seed-01,geoaware,geo-axial,hyperbolic,1,1000,8192,0.0005,9e990c8bdb32afbe92f8ffd861f60ddaadb05ed32680f95d69259c3701adf966,f93559813bf07acd58fdfce71085e54825607a47,False,mps,18.2091912496835
geoaware__geo-axial__holdout-hyperbolic__seed-02,geoaware,geo-axial,hyperbolic,2,1000,8192,0.0005,9e990c8bdb32afbe92f8ffd861f60ddaadb05ed32680f95d69259c3701adf966,f93559813bf07acd58fdfce71085e54825607a47,False,mps,18.12268470786512
geoaware__geo-axial__holdout-hyperbolic__seed-03,geoaware,geo-axial,hyperbolic,3,1000,8192,0.0005,9e990c8bdb32afbe92f8ffd861f60ddaadb05ed32680f95d69259c3701adf966,f93559813bf07acd58fdfce71085e54825607a47,False,mps,18.072637416422367
geoaware__geo-axial__holdout-hyperbolic__seed-04,geoaware,geo-axial,hyperbolic,4,1000,8192,0.0005,9e990c8bdb32afbe92f8ffd861f60ddaadb05ed32680f95d69259c3701adf966,f93559813bf07acd58fdfce71085e54825607a47,False,mps,18.24504508357495
geoaware__geo-axial__holdout-sinusoidal__seed-00,geoaware,geo-axial,sinusoidal,0,1000,8192,0.0005,9e990c8bdb32afbe92f8ffd861f60ddaadb05ed32680f95d69259c3701adf966,f93559813bf07acd58fdfce71085e54825607a47,False,mps,18.43444366659969
geoaware__geo-axial__holdout-sinusoidal__seed-01,geoaware,geo-axial,sinusoidal,1,1000,8192,0.0005,9e990c8bdb32afbe92f8ffd861f60ddaadb05ed32680f95d69259c3701adf966,f93559813bf07acd58fdfce71085e54825607a47,False,mps,18.307075958698988
geoaware__geo-axial__holdout-sinusoidal__seed-02,geoaware,geo-axial,sinusoidal,2,1000,8192,0.0005,9e990c8bdb32afbe92f8ffd861f60ddaadb05ed32680f95d69259c3701adf966,f93559813bf07acd58fdfce71085e54825607a47,False,mps,18.41712333355099
geoaware__geo-axial__holdout-sinusoidal__seed-03,geoaware,geo-axial,sinusoidal,3,1000,8192,0.0005,9e990c8bdb32afbe92f8ffd861f60ddaadb05ed32680f95d69259c3701adf966,f93559813bf07acd58fdfce71085e54825607a47,False,mps,18.252228500321507
geoaware__geo-axial__holdout-sinusoidal__seed-04,geoaware,geo-axial,sinusoidal,4,1000,8192,0.0005,9e990c8bdb32afbe92f8ffd861f60ddaadb05ed32680f95d69259c3701adf966,f93559813bf07acd58fdfce71085e54825607a47,False,mps,18.568745208904147
geoaware__geo-axial__holdout-stenosed__seed-00,geoaware,geo-axial,stenosed,0,1000,8192,0.0005,9e990c8bdb32afbe92f8ffd861f60ddaadb05ed32680f95d69259c3701adf966,f93559813bf07acd58fdfce71085e54825607a47,False,mps,18.231547750532627
geoaware__geo-axial__holdout-stenosed__seed-01,geoaware,geo-axial,stenosed,1,1000,8192,0.0005,9e990c8bdb32afbe92f8ffd861f60ddaadb05ed32680f95d69259c3701adf966,f93559813bf07acd58fdfce71085e54825607a47,False,mps,18.225686292164028
geoaware__geo-axial__holdout-stenosed__seed-02,geoaware,geo-axial,stenosed,2,1000,8192,0.0005,9e990c8bdb32afbe92f8ffd861f60ddaadb05ed32680f95d69259c3701adf966,f93559813bf07acd58fdfce71085e54825607a47,False,mps,18.156790957786143
geoaware__geo-axial__holdout-stenosed__seed-03,geoaware,geo-axial,stenosed,3,1000,8192,0.0005,9e990c8bdb32afbe92f8ffd861f60ddaadb05ed32680f95d69259c3701adf966,f93559813bf07acd58fdfce71085e54825607a47,False,mps,18.264042333699763
geoaware__geo-axial__holdout-stenosed__seed-04,geoaware,geo-axial,stenosed,4,1000,8192,0.0005,9e990c8bdb32afbe92f8ffd861f60ddaadb05ed32680f95d69259c3701adf966,f93559813bf07acd58fdfce71085e54825607a47,False,mps,18.251403875648975
geoaware__geo-axial__holdout-straight__seed-00,geoaware,geo-axial,straight,0,1000,8192,0.0005,9e990c8bdb32afbe92f8ffd861f60ddaadb05ed32680f95d69259c3701adf966,f93559813bf07acd58fdfce71085e54825607a47,False,mps,18.078968999907374
geoaware__geo-axial__holdout-straight__seed-01,geoaware,geo-axial,straight,1,1000,8192,0.0005,9e990c8bdb32afbe92f8ffd861f60ddaadb05ed32680f95d69259c3701adf966,f93559813bf07acd58fdfce71085e54825607a47,False,mps,18.194933749735355
geoaware__geo-axial__holdout-straight__seed-02,geoaware,geo-axial,straight,2,1000,8192,0.0005,9e990c8bdb32afbe92f8ffd861f60ddaadb05ed32680f95d69259c3701adf966,f93559813bf07acd58fdfce71085e54825607a47,False,mps,18.387334249913692
geoaware__geo-axial__holdout-straight__seed-03,geoaware,geo-axial,straight,3,1000,8192,0.0005,9e990c8bdb32afbe92f8ffd861f60ddaadb05ed32680f95d69259c3701adf966,f93559813bf07acd58fdfce71085e54825607a47,False,mps,18.340728083625436
geoaware__geo-axial__holdout-straight__seed-04,geoaware,geo-axial,straight,4,1000,8192,0.0005,9e990c8bdb32afbe92f8ffd861f60ddaadb05ed32680f95d69259c3701adf966,f93559813bf07acd58fdfce71085e54825607a47,False,mps,18.139047500677407
geoaware__geo-wallstretched__holdout-expanded__seed-00,geoaware,geo-wallstretched,expanded,0,1000,8192,0.0005,9e990c8bdb32afbe92f8ffd861f60ddaadb05ed32680f95d69259c3701adf966,f93559813bf07acd58fdfce71085e54825607a47,False,mps,18.74386183358729
geoaware__geo-wallstretched__holdout-expanded__seed-01,geoaware,geo-wallstretched,expanded,1,1000,8192,0.0005,9e990c8bdb32afbe92f8ffd861f60ddaadb05ed32680f95d69259c3701adf966,f93559813bf07acd58fdfce71085e54825607a47,False,mps,18.80141174979508
geoaware__geo-wallstretched__holdout-expanded__seed-02,geoaware,geo-wallstretched,expanded,2,1000,8192,0.0005,9e990c8bdb32afbe92f8ffd861f60ddaadb05ed32680f95d69259c3701adf966,f93559813bf07acd58fdfce71085e54825607a47,False,mps,18.74901399947703
geoaware__geo-wallstretched__holdout-expanded__seed-03,geoaware,geo-wallstretched,expanded,3,1000,8192,0.0005,9e990c8bdb32afbe92f8ffd861f60ddaadb05ed32680f95d69259c3701adf966,f93559813bf07acd58fdfce71085e54825607a47,False,mps,18.63507374934852
geoaware__geo-wallstretched__holdout-expanded__seed-04,geoaware,geo-wallstretched,expanded,4,1000,8192,0.0005,9e990c8bdb32afbe92f8ffd861f60ddaadb05ed32680f95d69259c3701adf966,f93559813bf07acd58fdfce71085e54825607a47,False,mps,18.70859366748482
geoaware__geo-wallstretched__holdout-hyperbolic__seed-00,geoaware,geo-wallstretched,hyperbolic,0,1000,8192,0.0005,9e990c8bdb32afbe92f8ffd861f60ddaadb05ed32680f95d69259c3701adf966,f93559813bf07acd58fdfce71085e54825607a47,False,mps,18.802369750104845
geoaware__geo-wallstretched__holdout-hyperbolic__seed-01,geoaware,geo-wallstretched,hyperbolic,1,1000,8192,0.0005,9e990c8bdb32afbe92f8ffd861f60ddaadb05ed32680f95d69259c3701adf966,f93559813bf07acd58fdfce71085e54825607a47,False,mps,18.81870483327657
geoaware__geo-wallstretched__holdout-hyperbolic__seed-02,geoaware,geo-wallstretched,hyperbolic,2,1000,8192,0.0005,9e990c8bdb32afbe92f8ffd861f60ddaadb05ed32680f95d69259c3701adf966,f93559813bf07acd58fdfce71085e54825607a47,False,mps,18.837004625238478
geoaware__geo-wallstretched__holdout-hyperbolic__seed-03,geoaware,geo-wallstretched,hyperbolic,3,1000,8192,0.0005,9e990c8bdb32afbe92f8ffd861f60ddaadb05ed32680f95d69259c3701adf966,f93559813bf07acd58fdfce71085e54825607a47,False,mps,18.86974716745317
geoaware__geo-wallstretched__holdout-hyperbolic__seed-04,geoaware,geo-wallstretched,hyperbolic,4,1000,8192,0.0005,9e990c8bdb32afbe92f8ffd861f60ddaadb05ed32680f95d69259c3701adf966,f93559813bf07acd58fdfce71085e54825607a47,False,mps,18.78418637532741
geoaware__geo-wallstretched__holdout-sinusoidal__seed-00,geoaware,geo-wallstretched,sinusoidal,0,1000,8192,0.0005,9e990c8bdb32afbe92f8ffd861f60ddaadb05ed32680f95d69259c3701adf966,f93559813bf07acd58fdfce71085e54825607a47,False,mps,18.889211249537766
geoaware__geo-wallstretched__holdout-sinusoidal__seed-01,geoaware,geo-wallstretched,sinusoidal,1,1000,8192,0.0005,9e990c8bdb32afbe92f8ffd861f60ddaadb05ed32680f95d69259c3701adf966,f93559813bf07acd58fdfce71085e54825607a47,False,mps,18.90446766652167
geoaware__geo-wallstretched__holdout-sinusoidal__seed-02,geoaware,geo-wallstretched,sinusoidal,2,1000,8192,0.0005,9e990c8bdb32afbe92f8ffd861f60ddaadb05ed32680f95d69259c3701adf966,f93559813bf07acd58fdfce71085e54825607a47,False,mps,19.096882082521915
geoaware__geo-wallstretched__holdout-sinusoidal__seed-03,geoaware,geo-wallstretched,sinusoidal,3,1000,8192,0.0005,9e990c8bdb32afbe92f8ffd861f60ddaadb05ed32680f95d69259c3701adf966,f93559813bf07acd58fdfce71085e54825607a47,False,mps,18.798124291934073
geoaware__geo-wallstretched__holdout-sinusoidal__seed-04,geoaware,geo-wallstretched,sinusoidal,4,1000,8192,0.0005,9e990c8bdb32afbe92f8ffd861f60ddaadb05ed32680f95d69259c3701adf966,f93559813bf07acd58fdfce71085e54825607a47,False,mps,19.18537912517786
geoaware__geo-wallstretched__holdout-stenosed__seed-00,geoaware,geo-wallstretched,stenosed,0,1000,8192,0.0005,9e990c8bdb32afbe92f8ffd861f60ddaadb05ed32680f95d69259c3701adf966,f93559813bf07acd58fdfce71085e54825607a47,False,mps,18.71195258293301
geoaware__geo-wallstretched__holdout-stenosed__seed-01,geoaware,geo-wallstretched,stenosed,1,1000,8192,0.0005,9e990c8bdb32afbe92f8ffd861f60ddaadb05ed32680f95d69259c3701adf966,f93559813bf07acd58fdfce71085e54825607a47,False,mps,18.727708416990936
geoaware__geo-wallstretched__holdout-stenosed__seed-02,geoaware,geo-wallstretched,stenosed,2,1000,8192,0.0005,9e990c8bdb32afbe92f8ffd861f60ddaadb05ed32680f95d69259c3701adf966,f93559813bf07acd58fdfce71085e54825607a47,False,mps,18.69441633298993
geoaware__geo-wallstretched__holdout-stenosed__seed-03,geoaware,geo-wallstretched,stenosed,3,1000,8192,0.0005,9e990c8bdb32afbe92f8ffd861f60ddaadb05ed32680f95d69259c3701adf966,f93559813bf07acd58fdfce71085e54825607a47,False,mps,18.61875758320093
geoaware__geo-wallstretched__holdout-stenosed__seed-04,geoaware,geo-wallstretched,stenosed,4,1000,8192,0.0005,9e990c8bdb32afbe92f8ffd861f60ddaadb05ed32680f95d69259c3701adf966,f93559813bf07acd58fdfce71085e54825607a47,False,mps,18.72154795844108
geoaware__geo-wallstretched__holdout-straight__seed-00,geoaware,geo-wallstretched,straight,0,1000,8192,0.0005,9e990c8bdb32afbe92f8ffd861f60ddaadb05ed32680f95d69259c3701adf966,f93559813bf07acd58fdfce71085e54825607a47,False,mps,18.588290124200284
geoaware__geo-wallstretched__holdout-straight__seed-01,geoaware,geo-wallstretched,straight,1,1000,8192,0.0005,9e990c8bdb32afbe92f8ffd861f60ddaadb05ed32680f95d69259c3701adf966,f93559813bf07acd58fdfce71085e54825607a47,False,mps,18.583175749517977
geoaware__geo-wallstretched__holdout-straight__seed-02,geoaware,geo-wallstretched,straight,2,1000,8192,0.0005,9e990c8bdb32afbe92f8ffd861f60ddaadb05ed32680f95d69259c3701adf966,f93559813bf07acd58fdfce71085e54825607a47,False,mps,18.65145670901984
geoaware__geo-wallstretched__holdout-straight__seed-03,geoaware,geo-wallstretched,straight,3,1000,8192,0.0005,9e990c8bdb32afbe92f8ffd861f60ddaadb05ed32680f95d69259c3701adf966,f93559813bf07acd58fdfce71085e54825607a47,False,mps,18.58637091703713
geoaware__geo-wallstretched__holdout-straight__seed-04,geoaware,geo-wallstretched,straight,4,1000,8192,0.0005,9e990c8bdb32afbe92f8ffd861f60ddaadb05ed32680f95d69259c3701adf966,f93559813bf07acd58fdfce71085e54825607a47,False,mps,18.594715165905654
geoaware__uniform__holdout-expanded__seed-00,geoaware,uniform,expanded,0,1000,8192,0.0005,9e990c8bdb32afbe92f8ffd861f60ddaadb05ed32680f95d69259c3701adf966,f93559813bf07acd58fdfce71085e54825607a47,False,mps,13.859420624561608
geoaware__uniform__holdout-expanded__seed-01,geoaware,uniform,expanded,1,1000,8192,0.0005,9e990c8bdb32afbe92f8ffd861f60ddaadb05ed32680f95d69259c3701adf966,f93559813bf07acd58fdfce71085e54825607a47,False,mps,14.152515792287886
geoaware__uniform__holdout-expanded__seed-02,geoaware,uniform,expanded,2,1000,8192,0.0005,9e990c8bdb32afbe92f8ffd861f60ddaadb05ed32680f95d69259c3701adf966,f93559813bf07acd58fdfce71085e54825607a47,False,mps,13.928126042708755
geoaware__uniform__holdout-expanded__seed-03,geoaware,uniform,expanded,3,1000,8192,0.0005,9e990c8bdb32afbe92f8ffd861f60ddaadb05ed32680f95d69259c3701adf966,f93559813bf07acd58fdfce71085e54825607a47,False,mps,13.98426637519151
geoaware__uniform__holdout-expanded__seed-04,geoaware,uniform,expanded,4,1000,8192,0.0005,9e990c8bdb32afbe92f8ffd861f60ddaadb05ed32680f95d69259c3701adf966,f93559813bf07acd58fdfce71085e54825607a47,False,mps,14.179569208994508
geoaware__uniform__holdout-hyperbolic__seed-00,geoaware,uniform,hyperbolic,0,1000,8192,0.0005,9e990c8bdb32afbe92f8ffd861f60ddaadb05ed32680f95d69259c3701adf966,f93559813bf07acd58fdfce71085e54825607a47,False,mps,14.07304441742599
geoaware__uniform__holdout-hyperbolic__seed-01,geoaware,uniform,hyperbolic,1,1000,8192,0.0005,9e990c8bdb32afbe92f8ffd861f60ddaadb05ed32680f95d69259c3701adf966,f93559813bf07acd58fdfce71085e54825607a47,False,mps,13.978841166943312
geoaware__uniform__holdout-hyperbolic__seed-02,geoaware,uniform,hyperbolic,2,1000,8192,0.0005,9e990c8bdb32afbe92f8ffd861f60ddaadb05ed32680f95d69259c3701adf966,f93559813bf07acd58fdfce71085e54825607a47,False,mps,14.123149583116174
geoaware__uniform__holdout-hyperbolic__seed-03,geoaware,uniform,hyperbolic,3,1000,8192,0.0005,9e990c8bdb32afbe92f8ffd861f60ddaadb05ed32680f95d69259c3701adf966,f93559813bf07acd58fdfce71085e54825607a47,False,mps,14.002736332826316
geoaware__uniform__holdout-hyperbolic__seed-04,geoaware,uniform,hyperbolic,4,1000,8192,0.0005,9e990c8bdb32afbe92f8ffd861f60ddaadb05ed32680f95d69259c3701adf966,f93559813bf07acd58fdfce71085e54825607a47,False,mps,14.01825875043869
geoaware__uniform__holdout-sinusoidal__seed-00,geoaware,uniform,sinusoidal,0,1000,8192,0.0005,9e990c8bdb32afbe92f8ffd861f60ddaadb05ed32680f95d69259c3701adf966,f93559813bf07acd58fdfce71085e54825607a47,False,mps,14.82195970788598
geoaware__uniform__holdout-sinusoidal__seed-01,geoaware,uniform,sinusoidal,1,1000,8192,0.0005,9e990c8bdb32afbe92f8ffd861f60ddaadb05ed32680f95d69259c3701adf966,f93559813bf07acd58fdfce71085e54825607a47,False,mps,14.083693167194724
geoaware__uniform__holdout-sinusoidal__seed-02,geoaware,uniform,sinusoidal,2,1000,8192,0.0005,9e990c8bdb32afbe92f8ffd861f60ddaadb05ed32680f95d69259c3701adf966,f93559813bf07acd58fdfce71085e54825607a47,False,mps,14.22084083314985
geoaware__uniform__holdout-sinusoidal__seed-03,geoaware,uniform,sinusoidal,3,1000,8192,0.0005,9e990c8bdb32afbe92f8ffd861f60ddaadb05ed32680f95d69259c3701adf966,f93559813bf07acd58fdfce71085e54825607a47,False,mps,14.296961958520114
geoaware__uniform__holdout-sinusoidal__seed-04,geoaware,uniform,sinusoidal,4,1000,8192,0.0005,9e990c8bdb32afbe92f8ffd861f60ddaadb05ed32680f95d69259c3701adf966,f93559813bf07acd58fdfce71085e54825607a47,False,mps,14.273842458613217
geoaware__uniform__holdout-stenosed__seed-00,geoaware,uniform,stenosed,0,1000,8192,0.0005,9e990c8bdb32afbe92f8ffd861f60ddaadb05ed32680f95d69259c3701adf966,f93559813bf07acd58fdfce71085e54825607a47,False,mps,13.931120458059013
geoaware__uniform__holdout-stenosed__seed-01,geoaware,uniform,stenosed,1,1000,8192,0.0005,9e990c8bdb32afbe92f8ffd861f60ddaadb05ed32680f95d69259c3701adf966,f93559813bf07acd58fdfce71085e54825607a47,False,mps,14.590484291315079
geoaware__uniform__holdout-stenosed__seed-02,geoaware,uniform,stenosed,2,1000,8192,0.0005,9e990c8bdb32afbe92f8ffd861f60ddaadb05ed32680f95d69259c3701adf966,f93559813bf07acd58fdfce71085e54825607a47,False,mps,13.75310108345002
geoaware__uniform__holdout-stenosed__seed-03,geoaware,uniform,stenosed,3,1000,8192,0.0005,9e990c8bdb32afbe92f8ffd861f60ddaadb05ed32680f95d69259c3701adf966,f93559813bf07acd58fdfce71085e54825607a47,False,mps,13.81830962561071
geoaware__uniform__holdout-stenosed__seed-04,geoaware,uniform,stenosed,4,1000,8192,0.0005,9e990c8bdb32afbe92f8ffd861f60ddaadb05ed32680f95d69259c3701adf966,f93559813bf07acd58fdfce71085e54825607a47,False,mps,13.938994624651968
geoaware__uniform__holdout-straight__seed-00,geoaware,uniform,straight,0,1000,8192,0.0005,9e990c8bdb32afbe92f8ffd861f60ddaadb05ed32680f95d69259c3701adf966,f93559813bf07acd58fdfce71085e54825607a47,False,mps,13.864669582806528
geoaware__uniform__holdout-straight__seed-01,geoaware,uniform,straight,1,1000,8192,0.0005,9e990c8bdb32afbe92f8ffd861f60ddaadb05ed32680f95d69259c3701adf966,f93559813bf07acd58fdfce71085e54825607a47,False,mps,13.6926987497136
geoaware__uniform__holdout-straight__seed-02,geoaware,uniform,straight,2,1000,8192,0.0005,9e990c8bdb32afbe92f8ffd861f60ddaadb05ed32680f95d69259c3701adf966,f93559813bf07acd58fdfce71085e54825607a47,False,mps,13.665547916665673
geoaware__uniform__holdout-straight__seed-03,geoaware,uniform,straight,3,1000,8192,0.0005,9e990c8bdb32afbe92f8ffd861f60ddaadb05ed32680f95d69259c3701adf966,f93559813bf07acd58fdfce71085e54825607a47,False,mps,13.947183791548014
geoaware__uniform__holdout-straight__seed-04,geoaware,uniform,straight,4,1000,8192,0.0005,9e990c8bdb32afbe92f8ffd861f60ddaadb05ed32680f95d69259c3701adf966,f93559813bf07acd58fdfce71085e54825607a47,False,mps,13.554459459148347
powerlaw__geo-axial__holdout-expanded__seed-00,powerlaw,geo-axial,expanded,0,1000,8192,0.0005,9e990c8bdb32afbe92f8ffd861f60ddaadb05ed32680f95d69259c3701adf966,f93559813bf07acd58fdfce71085e54825607a47,False,mps,18.152506875805557
powerlaw__geo-axial__holdout-expanded__seed-01,powerlaw,geo-axial,expanded,1,1000,8192,0.0005,9e990c8bdb32afbe92f8ffd861f60ddaadb05ed32680f95d69259c3701adf966,f93559813bf07acd58fdfce71085e54825607a47,False,mps,18.12872274965048
powerlaw__geo-axial__holdout-expanded__seed-02,powerlaw,geo-axial,expanded,2,1000,8192,0.0005,9e990c8bdb32afbe92f8ffd861f60ddaadb05ed32680f95d69259c3701adf966,f93559813bf07acd58fdfce71085e54825607a47,False,mps,18.028364666737616
powerlaw__geo-axial__holdout-expanded__seed-03,powerlaw,geo-axial,expanded,3,1000,8192,0.0005,9e990c8bdb32afbe92f8ffd861f60ddaadb05ed32680f95d69259c3701adf966,f93559813bf07acd58fdfce71085e54825607a47,False,mps,18.138960666023195
powerlaw__geo-axial__holdout-expanded__seed-04,powerlaw,geo-axial,expanded,4,1000,8192,0.0005,9e990c8bdb32afbe92f8ffd861f60ddaadb05ed32680f95d69259c3701adf966,f93559813bf07acd58fdfce71085e54825607a47,False,mps,18.086266124621034
powerlaw__geo-axial__holdout-hyperbolic__seed-00,powerlaw,geo-axial,hyperbolic,0,1000,8192,0.0005,9e990c8bdb32afbe92f8ffd861f60ddaadb05ed32680f95d69259c3701adf966,f93559813bf07acd58fdfce71085e54825607a47,False,mps,18.197405791841447
powerlaw__geo-axial__holdout-hyperbolic__seed-01,powerlaw,geo-axial,hyperbolic,1,1000,8192,0.0005,9e990c8bdb32afbe92f8ffd861f60ddaadb05ed32680f95d69259c3701adf966,f93559813bf07acd58fdfce71085e54825607a47,False,mps,18.02587208338082
powerlaw__geo-axial__holdout-hyperbolic__seed-02,powerlaw,geo-axial,hyperbolic,2,1000,8192,0.0005,9e990c8bdb32afbe92f8ffd861f60ddaadb05ed32680f95d69259c3701adf966,f93559813bf07acd58fdfce71085e54825607a47,False,mps,18.13057287503034
powerlaw__geo-axial__holdout-hyperbolic__seed-03,powerlaw,geo-axial,hyperbolic,3,1000,8192,0.0005,9e990c8bdb32afbe92f8ffd861f60ddaadb05ed32680f95d69259c3701adf966,f93559813bf07acd58fdfce71085e54825607a47,False,mps,18.053493415936828
powerlaw__geo-axial__holdout-hyperbolic__seed-04,powerlaw,geo-axial,hyperbolic,4,1000,8192,0.0005,9e990c8bdb32afbe92f8ffd861f60ddaadb05ed32680f95d69259c3701adf966,f93559813bf07acd58fdfce71085e54825607a47,False,mps,18.1580392094329
powerlaw__geo-axial__holdout-sinusoidal__seed-00,powerlaw,geo-axial,sinusoidal,0,1000,8192,0.0005,9e990c8bdb32afbe92f8ffd861f60ddaadb05ed32680f95d69259c3701adf966,f93559813bf07acd58fdfce71085e54825607a47,False,mps,17.890314208343625
powerlaw__geo-axial__holdout-sinusoidal__seed-01,powerlaw,geo-axial,sinusoidal,1,1000,8192,0.0005,9e990c8bdb32afbe92f8ffd861f60ddaadb05ed32680f95d69259c3701adf966,f93559813bf07acd58fdfce71085e54825607a47,False,mps,17.957652458921075
powerlaw__geo-axial__holdout-sinusoidal__seed-02,powerlaw,geo-axial,sinusoidal,2,1000,8192,0.0005,9e990c8bdb32afbe92f8ffd861f60ddaadb05ed32680f95d69259c3701adf966,f93559813bf07acd58fdfce71085e54825607a47,False,mps,17.836963665671647
powerlaw__geo-axial__holdout-sinusoidal__seed-03,powerlaw,geo-axial,sinusoidal,3,1000,8192,0.0005,9e990c8bdb32afbe92f8ffd861f60ddaadb05ed32680f95d69259c3701adf966,f93559813bf07acd58fdfce71085e54825607a47,False,mps,17.88670275080949
powerlaw__geo-axial__holdout-sinusoidal__seed-04,powerlaw,geo-axial,sinusoidal,4,1000,8192,0.0005,9e990c8bdb32afbe92f8ffd861f60ddaadb05ed32680f95d69259c3701adf966,f93559813bf07acd58fdfce71085e54825607a47,False,mps,17.96700579021126
powerlaw__geo-axial__holdout-stenosed__seed-00,powerlaw,geo-axial,stenosed,0,1000,8192,0.0005,9e990c8bdb32afbe92f8ffd861f60ddaadb05ed32680f95d69259c3701adf966,f93559813bf07acd58fdfce71085e54825607a47,False,mps,18.2713576676324
powerlaw__geo-axial__holdout-stenosed__seed-01,powerlaw,geo-axial,stenosed,1,1000,8192,0.0005,9e990c8bdb32afbe92f8ffd861f60ddaadb05ed32680f95d69259c3701adf966,f93559813bf07acd58fdfce71085e54825607a47,False,mps,18.085334707982838
powerlaw__geo-axial__holdout-stenosed__seed-02,powerlaw,geo-axial,stenosed,2,1000,8192,0.0005,9e990c8bdb32afbe92f8ffd861f60ddaadb05ed32680f95d69259c3701adf966,f93559813bf07acd58fdfce71085e54825607a47,False,mps,18.248686124570668
powerlaw__geo-axial__holdout-stenosed__seed-03,powerlaw,geo-axial,stenosed,3,1000,8192,0.0005,9e990c8bdb32afbe92f8ffd861f60ddaadb05ed32680f95d69259c3701adf966,f93559813bf07acd58fdfce71085e54825607a47,False,mps,18.184311375021935
powerlaw__geo-axial__holdout-stenosed__seed-04,powerlaw,geo-axial,stenosed,4,1000,8192,0.0005,9e990c8bdb32afbe92f8ffd861f60ddaadb05ed32680f95d69259c3701adf966,f93559813bf07acd58fdfce71085e54825607a47,False,mps,18.268452124670148
powerlaw__geo-axial__holdout-straight__seed-00,powerlaw,geo-axial,straight,0,1000,8192,0.0005,9e990c8bdb32afbe92f8ffd861f60ddaadb05ed32680f95d69259c3701adf966,f93559813bf07acd58fdfce71085e54825607a47,False,mps,18.63764312490821
powerlaw__geo-axial__holdout-straight__seed-01,powerlaw,geo-axial,straight,1,1000,8192,0.0005,9e990c8bdb32afbe92f8ffd861f60ddaadb05ed32680f95d69259c3701adf966,f93559813bf07acd58fdfce71085e54825607a47,False,mps,18.095235540531576
powerlaw__geo-axial__holdout-straight__seed-02,powerlaw,geo-axial,straight,2,1000,8192,0.0005,9e990c8bdb32afbe92f8ffd861f60ddaadb05ed32680f95d69259c3701adf966,f93559813bf07acd58fdfce71085e54825607a47,False,mps,18.08084641676396
powerlaw__geo-axial__holdout-straight__seed-03,powerlaw,geo-axial,straight,3,1000,8192,0.0005,9e990c8bdb32afbe92f8ffd861f60ddaadb05ed32680f95d69259c3701adf966,f93559813bf07acd58fdfce71085e54825607a47,False,mps,18.67886787466705
powerlaw__geo-axial__holdout-straight__seed-04,powerlaw,geo-axial,straight,4,1000,8192,0.0005,9e990c8bdb32afbe92f8ffd861f60ddaadb05ed32680f95d69259c3701adf966,f93559813bf07acd58fdfce71085e54825607a47,False,mps,18.29519550036639
powerlaw__geo-wallstretched__holdout-expanded__seed-00,powerlaw,geo-wallstretched,expanded,0,1000,8192,0.0005,9e990c8bdb32afbe92f8ffd861f60ddaadb05ed32680f95d69259c3701adf966,f93559813bf07acd58fdfce71085e54825607a47,False,mps,18.641806250438094
powerlaw__geo-wallstretched__holdout-expanded__seed-01,powerlaw,geo-wallstretched,expanded,1,1000,8192,0.0005,9e990c8bdb32afbe92f8ffd861f60ddaadb05ed32680f95d69259c3701adf966,f93559813bf07acd58fdfce71085e54825607a47,False,mps,18.695158124901354
powerlaw__geo-wallstretched__holdout-expanded__seed-02,powerlaw,geo-wallstretched,expanded,2,1000,8192,0.0005,9e990c8bdb32afbe92f8ffd861f60ddaadb05ed32680f95d69259c3701adf966,f93559813bf07acd58fdfce71085e54825607a47,False,mps,18.68653666600585
powerlaw__geo-wallstretched__holdout-expanded__seed-03,powerlaw,geo-wallstretched,expanded,3,1000,8192,0.0005,9e990c8bdb32afbe92f8ffd861f60ddaadb05ed32680f95d69259c3701adf966,f93559813bf07acd58fdfce71085e54825607a47,False,mps,18.603209417313337
powerlaw__geo-wallstretched__holdout-expanded__seed-04,powerlaw,geo-wallstretched,expanded,4,1000,8192,0.0005,9e990c8bdb32afbe92f8ffd861f60ddaadb05ed32680f95d69259c3701adf966,f93559813bf07acd58fdfce71085e54825607a47,False,mps,18.63453899975866
powerlaw__geo-wallstretched__holdout-hyperbolic__seed-00,powerlaw,geo-wallstretched,hyperbolic,0,1000,8192,0.0005,9e990c8bdb32afbe92f8ffd861f60ddaadb05ed32680f95d69259c3701adf966,f93559813bf07acd58fdfce71085e54825607a47,False,mps,18.827791499905288
powerlaw__geo-wallstretched__holdout-hyperbolic__seed-01,powerlaw,geo-wallstretched,hyperbolic,1,1000,8192,0.0005,9e990c8bdb32afbe92f8ffd861f60ddaadb05ed32680f95d69259c3701adf966,f93559813bf07acd58fdfce71085e54825607a47,False,mps,18.634384958073497
powerlaw__geo-wallstretched__holdout-hyperbolic__seed-02,powerlaw,geo-wallstretched,hyperbolic,2,1000,8192,0.0005,9e990c8bdb32afbe92f8ffd861f60ddaadb05ed32680f95d69259c3701adf966,f93559813bf07acd58fdfce71085e54825607a47,False,mps,18.671446541324258
powerlaw__geo-wallstretched__holdout-hyperbolic__seed-03,powerlaw,geo-wallstretched,hyperbolic,3,1000,8192,0.0005,9e990c8bdb32afbe92f8ffd861f60ddaadb05ed32680f95d69259c3701adf966,f93559813bf07acd58fdfce71085e54825607a47,False,mps,18.68606449943036
powerlaw__geo-wallstretched__holdout-hyperbolic__seed-04,powerlaw,geo-wallstretched,hyperbolic,4,1000,8192,0.0005,9e990c8bdb32afbe92f8ffd861f60ddaadb05ed32680f95d69259c3701adf966,f93559813bf07acd58fdfce71085e54825607a47,False,mps,18.71170483250171
powerlaw__geo-wallstretched__holdout-sinusoidal__seed-00,powerlaw,geo-wallstretched,sinusoidal,0,1000,8192,0.0005,9e990c8bdb32afbe92f8ffd861f60ddaadb05ed32680f95d69259c3701adf966,f93559813bf07acd58fdfce71085e54825607a47,False,mps,18.512063999660313
powerlaw__geo-wallstretched__holdout-sinusoidal__seed-01,powerlaw,geo-wallstretched,sinusoidal,1,1000,8192,0.0005,9e990c8bdb32afbe92f8ffd861f60ddaadb05ed32680f95d69259c3701adf966,f93559813bf07acd58fdfce71085e54825607a47,False,mps,18.482024165801704
powerlaw__geo-wallstretched__holdout-sinusoidal__seed-02,powerlaw,geo-wallstretched,sinusoidal,2,1000,8192,0.0005,9e990c8bdb32afbe92f8ffd861f60ddaadb05ed32680f95d69259c3701adf966,f93559813bf07acd58fdfce71085e54825607a47,False,mps,18.855907457880676
powerlaw__geo-wallstretched__holdout-sinusoidal__seed-03,powerlaw,geo-wallstretched,sinusoidal,3,1000,8192,0.0005,9e990c8bdb32afbe92f8ffd861f60ddaadb05ed32680f95d69259c3701adf966,f93559813bf07acd58fdfce71085e54825607a47,False,mps,18.701019667088985
powerlaw__geo-wallstretched__holdout-sinusoidal__seed-04,powerlaw,geo-wallstretched,sinusoidal,4,1000,8192,0.0005,9e990c8bdb32afbe92f8ffd861f60ddaadb05ed32680f95d69259c3701adf966,f93559813bf07acd58fdfce71085e54825607a47,False,mps,18.876409290358424
powerlaw__geo-wallstretched__holdout-stenosed__seed-00,powerlaw,geo-wallstretched,stenosed,0,1000,8192,0.0005,9e990c8bdb32afbe92f8ffd861f60ddaadb05ed32680f95d69259c3701adf966,f93559813bf07acd58fdfce71085e54825607a47,False,mps,18.741852833889425
powerlaw__geo-wallstretched__holdout-stenosed__seed-01,powerlaw,geo-wallstretched,stenosed,1,1000,8192,0.0005,9e990c8bdb32afbe92f8ffd861f60ddaadb05ed32680f95d69259c3701adf966,f93559813bf07acd58fdfce71085e54825607a47,False,mps,18.670742582529783
powerlaw__geo-wallstretched__holdout-stenosed__seed-02,powerlaw,geo-wallstretched,stenosed,2,1000,8192,0.0005,9e990c8bdb32afbe92f8ffd861f60ddaadb05ed32680f95d69259c3701adf966,f93559813bf07acd58fdfce71085e54825607a47,False,mps,18.906593416817486
powerlaw__geo-wallstretched__holdout-stenosed__seed-03,powerlaw,geo-wallstretched,stenosed,3,1000,8192,0.0005,9e990c8bdb32afbe92f8ffd861f60ddaadb05ed32680f95d69259c3701adf966,f93559813bf07acd58fdfce71085e54825607a47,False,mps,18.704995875246823
powerlaw__geo-wallstretched__holdout-stenosed__seed-04,powerlaw,geo-wallstretched,stenosed,4,1000,8192,0.0005,9e990c8bdb32afbe92f8ffd861f60ddaadb05ed32680f95d69259c3701adf966,f93559813bf07acd58fdfce71085e54825607a47,False,mps,18.69064441602677
powerlaw__geo-wallstretched__holdout-straight__seed-00,powerlaw,geo-wallstretched,straight,0,1000,8192,0.0005,9e990c8bdb32afbe92f8ffd861f60ddaadb05ed32680f95d69259c3701adf966,f93559813bf07acd58fdfce71085e54825607a47,False,mps,18.62344920821488
powerlaw__geo-wallstretched__holdout-straight__seed-01,powerlaw,geo-wallstretched,straight,1,1000,8192,0.0005,9e990c8bdb32afbe92f8ffd861f60ddaadb05ed32680f95d69259c3701adf966,f93559813bf07acd58fdfce71085e54825607a47,False,mps,18.54924275074154
powerlaw__geo-wallstretched__holdout-straight__seed-02,powerlaw,geo-wallstretched,straight,2,1000,8192,0.0005,9e990c8bdb32afbe92f8ffd861f60ddaadb05ed32680f95d69259c3701adf966,f93559813bf07acd58fdfce71085e54825607a47,False,mps,18.581146957352757
powerlaw__geo-wallstretched__holdout-straight__seed-03,powerlaw,geo-wallstretched,straight,3,1000,8192,0.0005,9e990c8bdb32afbe92f8ffd861f60ddaadb05ed32680f95d69259c3701adf966,f93559813bf07acd58fdfce71085e54825607a47,False,mps,18.521961624734104
powerlaw__geo-wallstretched__holdout-straight__seed-04,powerlaw,geo-wallstretched,straight,4,1000,8192,0.0005,9e990c8bdb32afbe92f8ffd861f60ddaadb05ed32680f95d69259c3701adf966,f93559813bf07acd58fdfce71085e54825607a47,False,mps,18.564190665259957
powerlaw__uniform__holdout-expanded__seed-00,powerlaw,uniform,expanded,0,1000,8192,0.0005,9e990c8bdb32afbe92f8ffd861f60ddaadb05ed32680f95d69259c3701adf966,f93559813bf07acd58fdfce71085e54825607a47,False,mps,13.768515042029321
powerlaw__uniform__holdout-expanded__seed-01,powerlaw,uniform,expanded,1,1000,8192,0.0005,9e990c8bdb32afbe92f8ffd861f60ddaadb05ed32680f95d69259c3701adf966,f93559813bf07acd58fdfce71085e54825607a47,False,mps,14.148047999478877
powerlaw__uniform__holdout-expanded__seed-02,powerlaw,uniform,expanded,2,1000,8192,0.0005,9e990c8bdb32afbe92f8ffd861f60ddaadb05ed32680f95d69259c3701adf966,f93559813bf07acd58fdfce71085e54825607a47,False,mps,14.058617250062525
powerlaw__uniform__holdout-expanded__seed-03,powerlaw,uniform,expanded,3,1000,8192,0.0005,9e990c8bdb32afbe92f8ffd861f60ddaadb05ed32680f95d69259c3701adf966,f93559813bf07acd58fdfce71085e54825607a47,False,mps,13.90797433257103
powerlaw__uniform__holdout-expanded__seed-04,powerlaw,uniform,expanded,4,1000,8192,0.0005,9e990c8bdb32afbe92f8ffd861f60ddaadb05ed32680f95d69259c3701adf966,f93559813bf07acd58fdfce71085e54825607a47,False,mps,14.010842042043805
powerlaw__uniform__holdout-hyperbolic__seed-00,powerlaw,uniform,hyperbolic,0,1000,8192,0.0005,9e990c8bdb32afbe92f8ffd861f60ddaadb05ed32680f95d69259c3701adf966,f93559813bf07acd58fdfce71085e54825607a47,False,mps,13.874241583049297
powerlaw__uniform__holdout-hyperbolic__seed-01,powerlaw,uniform,hyperbolic,1,1000,8192,0.0005,9e990c8bdb32afbe92f8ffd861f60ddaadb05ed32680f95d69259c3701adf966,f93559813bf07acd58fdfce71085e54825607a47,False,mps,13.814173792488873
powerlaw__uniform__holdout-hyperbolic__seed-02,powerlaw,uniform,hyperbolic,2,1000,8192,0.0005,9e990c8bdb32afbe92f8ffd861f60ddaadb05ed32680f95d69259c3701adf966,f93559813bf07acd58fdfce71085e54825607a47,False,mps,13.920199874788523
powerlaw__uniform__holdout-hyperbolic__seed-03,powerlaw,uniform,hyperbolic,3,1000,8192,0.0005,9e990c8bdb32afbe92f8ffd861f60ddaadb05ed32680f95d69259c3701adf966,f93559813bf07acd58fdfce71085e54825607a47,False,mps,14.07317674998194
powerlaw__uniform__holdout-hyperbolic__seed-04,powerlaw,uniform,hyperbolic,4,1000,8192,0.0005,9e990c8bdb32afbe92f8ffd861f60ddaadb05ed32680f95d69259c3701adf966,f93559813bf07acd58fdfce71085e54825607a47,False,mps,14.070520916953683
powerlaw__uniform__holdout-sinusoidal__seed-00,powerlaw,uniform,sinusoidal,0,1000,8192,0.0005,9e990c8bdb32afbe92f8ffd861f60ddaadb05ed32680f95d69259c3701adf966,f93559813bf07acd58fdfce71085e54825607a47,False,mps,14.095601291395724
powerlaw__uniform__holdout-sinusoidal__seed-01,powerlaw,uniform,sinusoidal,1,1000,8192,0.0005,9e990c8bdb32afbe92f8ffd861f60ddaadb05ed32680f95d69259c3701adf966,f93559813bf07acd58fdfce71085e54825607a47,False,mps,13.743259416893125
powerlaw__uniform__holdout-sinusoidal__seed-02,powerlaw,uniform,sinusoidal,2,1000,8192,0.0005,9e990c8bdb32afbe92f8ffd861f60ddaadb05ed32680f95d69259c3701adf966,f93559813bf07acd58fdfce71085e54825607a47,False,mps,13.890684457495809
powerlaw__uniform__holdout-sinusoidal__seed-03,powerlaw,uniform,sinusoidal,3,1000,8192,0.0005,9e990c8bdb32afbe92f8ffd861f60ddaadb05ed32680f95d69259c3701adf966,f93559813bf07acd58fdfce71085e54825607a47,False,mps,13.949949000030756
powerlaw__uniform__holdout-sinusoidal__seed-04,powerlaw,uniform,sinusoidal,4,1000,8192,0.0005,9e990c8bdb32afbe92f8ffd861f60ddaadb05ed32680f95d69259c3701adf966,f93559813bf07acd58fdfce71085e54825607a47,False,mps,13.879676542244852
powerlaw__uniform__holdout-stenosed__seed-00,powerlaw,uniform,stenosed,0,1000,8192,0.0005,9e990c8bdb32afbe92f8ffd861f60ddaadb05ed32680f95d69259c3701adf966,f93559813bf07acd58fdfce71085e54825607a47,False,mps,14.278737333603203
powerlaw__uniform__holdout-stenosed__seed-01,powerlaw,uniform,stenosed,1,1000,8192,0.0005,9e990c8bdb32afbe92f8ffd861f60ddaadb05ed32680f95d69259c3701adf966,f93559813bf07acd58fdfce71085e54825607a47,False,mps,14.396503166295588
powerlaw__uniform__holdout-stenosed__seed-02,powerlaw,uniform,stenosed,2,1000,8192,0.0005,9e990c8bdb32afbe92f8ffd861f60ddaadb05ed32680f95d69259c3701adf966,f93559813bf07acd58fdfce71085e54825607a47,False,mps,14.197501833550632
powerlaw__uniform__holdout-stenosed__seed-03,powerlaw,uniform,stenosed,3,1000,8192,0.0005,9e990c8bdb32afbe92f8ffd861f60ddaadb05ed32680f95d69259c3701adf966,f93559813bf07acd58fdfce71085e54825607a47,False,mps,14.048437625169754
powerlaw__uniform__holdout-stenosed__seed-04,powerlaw,uniform,stenosed,4,1000,8192,0.0005,9e990c8bdb32afbe92f8ffd861f60ddaadb05ed32680f95d69259c3701adf966,f93559813bf07acd58fdfce71085e54825607a47,False,mps,13.825968666933477
powerlaw__uniform__holdout-straight__seed-00,powerlaw,uniform,straight,0,1000,8192,0.0005,9e990c8bdb32afbe92f8ffd861f60ddaadb05ed32680f95d69259c3701adf966,f93559813bf07acd58fdfce71085e54825607a47,False,mps,14.500108999200165
powerlaw__uniform__holdout-straight__seed-01,powerlaw,uniform,straight,1,1000,8192,0.0005,9e990c8bdb32afbe92f8ffd861f60ddaadb05ed32680f95d69259c3701adf966,f93559813bf07acd58fdfce71085e54825607a47,False,mps,14.51326825004071
powerlaw__uniform__holdout-straight__seed-02,powerlaw,uniform,straight,2,1000,8192,0.0005,9e990c8bdb32afbe92f8ffd861f60ddaadb05ed32680f95d69259c3701adf966,f93559813bf07acd58fdfce71085e54825607a47,False,mps,14.758322916924953
powerlaw__uniform__holdout-straight__seed-03,powerlaw,uniform,straight,3,1000,8192,0.0005,9e990c8bdb32afbe92f8ffd861f60ddaadb05ed32680f95d69259c3701adf966,f93559813bf07acd58fdfce71085e54825607a47,False,mps,14.267103874124587
powerlaw__uniform__holdout-straight__seed-04,powerlaw,uniform,straight,4,1000,8192,0.0005,9e990c8bdb32afbe92f8ffd861f60ddaadb05ed32680f95d69259c3701adf966,f93559813bf07acd58fdfce71085e54825607a47,False,mps,14.70319883339107
unconstrained__geo-axial__holdout-expanded__seed-00,unconstrained,geo-axial,expanded,0,1000,8192,0.0005,9e990c8bdb32afbe92f8ffd861f60ddaadb05ed32680f95d69259c3701adf966,f93559813bf07acd58fdfce71085e54825607a47,False,mps,17.87279229145497
unconstrained__geo-axial__holdout-expanded__seed-01,unconstrained,geo-axial,expanded,1,1000,8192,0.0005,9e990c8bdb32afbe92f8ffd861f60ddaadb05ed32680f95d69259c3701adf966,f93559813bf07acd58fdfce71085e54825607a47,False,mps,18.03417987562716
unconstrained__geo-axial__holdout-expanded__seed-02,unconstrained,geo-axial,expanded,2,1000,8192,0.0005,9e990c8bdb32afbe92f8ffd861f60ddaadb05ed32680f95d69259c3701adf966,f93559813bf07acd58fdfce71085e54825607a47,False,mps,17.992511958815157
unconstrained__geo-axial__holdout-expanded__seed-03,unconstrained,geo-axial,expanded,3,1000,8192,0.0005,9e990c8bdb32afbe92f8ffd861f60ddaadb05ed32680f95d69259c3701adf966,f93559813bf07acd58fdfce71085e54825607a47,False,mps,18.031032916158438
unconstrained__geo-axial__holdout-expanded__seed-04,unconstrained,geo-axial,expanded,4,1000,8192,0.0005,9e990c8bdb32afbe92f8ffd861f60ddaadb05ed32680f95d69259c3701adf966,f93559813bf07acd58fdfce71085e54825607a47,False,mps,18.01695550046861
unconstrained__geo-axial__holdout-hyperbolic__seed-00,unconstrained,geo-axial,hyperbolic,0,1000,8192,0.0005,9e990c8bdb32afbe92f8ffd861f60ddaadb05ed32680f95d69259c3701adf966,f93559813bf07acd58fdfce71085e54825607a47,False,mps,17.94353749975562
unconstrained__geo-axial__holdout-hyperbolic__seed-01,unconstrained,geo-axial,hyperbolic,1,1000,8192,0.0005,9e990c8bdb32afbe92f8ffd861f60ddaadb05ed32680f95d69259c3701adf966,f93559813bf07acd58fdfce71085e54825607a47,False,mps,17.969806334003806
unconstrained__geo-axial__holdout-hyperbolic__seed-02,unconstrained,geo-axial,hyperbolic,2,1000,8192,0.0005,9e990c8bdb32afbe92f8ffd861f60ddaadb05ed32680f95d69259c3701adf966,f93559813bf07acd58fdfce71085e54825607a47,False,mps,18.050372540950775
unconstrained__geo-axial__holdout-hyperbolic__seed-03,unconstrained,geo-axial,hyperbolic,3,1000,8192,0.0005,9e990c8bdb32afbe92f8ffd861f60ddaadb05ed32680f95d69259c3701adf966,f93559813bf07acd58fdfce71085e54825607a47,False,mps,17.98578054085374
unconstrained__geo-axial__holdout-hyperbolic__seed-04,unconstrained,geo-axial,hyperbolic,4,1000,8192,0.0005,9e990c8bdb32afbe92f8ffd861f60ddaadb05ed32680f95d69259c3701adf966,f93559813bf07acd58fdfce71085e54825607a47,False,mps,17.983402833342552
unconstrained__geo-axial__holdout-sinusoidal__seed-00,unconstrained,geo-axial,sinusoidal,0,1000,8192,0.0005,9e990c8bdb32afbe92f8ffd861f60ddaadb05ed32680f95d69259c3701adf966,f93559813bf07acd58fdfce71085e54825607a47,False,mps,18.61230041552335
unconstrained__geo-axial__holdout-sinusoidal__seed-01,unconstrained,geo-axial,sinusoidal,1,1000,8192,0.0005,9e990c8bdb32afbe92f8ffd861f60ddaadb05ed32680f95d69259c3701adf966,f93559813bf07acd58fdfce71085e54825607a47,False,mps,18.167799375019968
unconstrained__geo-axial__holdout-sinusoidal__seed-02,unconstrained,geo-axial,sinusoidal,2,1000,8192,0.0005,9e990c8bdb32afbe92f8ffd861f60ddaadb05ed32680f95d69259c3701adf966,f93559813bf07acd58fdfce71085e54825607a47,False,mps,18.178844291716814
unconstrained__geo-axial__holdout-sinusoidal__seed-03,unconstrained,geo-axial,sinusoidal,3,1000,8192,0.0005,9e990c8bdb32afbe92f8ffd861f60ddaadb05ed32680f95d69259c3701adf966,f93559813bf07acd58fdfce71085e54825607a47,False,mps,17.88693866599351
unconstrained__geo-axial__holdout-sinusoidal__seed-04,unconstrained,geo-axial,sinusoidal,4,1000,8192,0.0005,9e990c8bdb32afbe92f8ffd861f60ddaadb05ed32680f95d69259c3701adf966,f93559813bf07acd58fdfce71085e54825607a47,False,mps,17.893638292327523
unconstrained__geo-axial__holdout-stenosed__seed-00,unconstrained,geo-axial,stenosed,0,1000,8192,0.0005,9e990c8bdb32afbe92f8ffd861f60ddaadb05ed32680f95d69259c3701adf966,f93559813bf07acd58fdfce71085e54825607a47,False,mps,18.01339495740831
unconstrained__geo-axial__holdout-stenosed__seed-01,unconstrained,geo-axial,stenosed,1,1000,8192,0.0005,9e990c8bdb32afbe92f8ffd861f60ddaadb05ed32680f95d69259c3701adf966,f93559813bf07acd58fdfce71085e54825607a47,False,mps,18.004454791545868
unconstrained__geo-axial__holdout-stenosed__seed-02,unconstrained,geo-axial,stenosed,2,1000,8192,0.0005,9e990c8bdb32afbe92f8ffd861f60ddaadb05ed32680f95d69259c3701adf966,f93559813bf07acd58fdfce71085e54825607a47,False,mps,18.026917207986116
unconstrained__geo-axial__holdout-stenosed__seed-03,unconstrained,geo-axial,stenosed,3,1000,8192,0.0005,9e990c8bdb32afbe92f8ffd861f60ddaadb05ed32680f95d69259c3701adf966,f93559813bf07acd58fdfce71085e54825607a47,False,mps,18.021367333829403
unconstrained__geo-axial__holdout-stenosed__seed-04,unconstrained,geo-axial,stenosed,4,1000,8192,0.0005,9e990c8bdb32afbe92f8ffd861f60ddaadb05ed32680f95d69259c3701adf966,f93559813bf07acd58fdfce71085e54825607a47,False,mps,18.14377429150045
unconstrained__geo-axial__holdout-straight__seed-00,unconstrained,geo-axial,straight,0,1000,8192,0.0005,9e990c8bdb32afbe92f8ffd861f60ddaadb05ed32680f95d69259c3701adf966,f93559813bf07acd58fdfce71085e54825607a47,False,mps,18.236389499157667
unconstrained__geo-axial__holdout-straight__seed-01,unconstrained,geo-axial,straight,1,1000,8192,0.0005,9e990c8bdb32afbe92f8ffd861f60ddaadb05ed32680f95d69259c3701adf966,f93559813bf07acd58fdfce71085e54825607a47,False,mps,18.564708375371993
unconstrained__geo-axial__holdout-straight__seed-02,unconstrained,geo-axial,straight,2,1000,8192,0.0005,9e990c8bdb32afbe92f8ffd861f60ddaadb05ed32680f95d69259c3701adf966,f93559813bf07acd58fdfce71085e54825607a47,False,mps,18.341455040499568
unconstrained__geo-axial__holdout-straight__seed-03,unconstrained,geo-axial,straight,3,1000,8192,0.0005,9e990c8bdb32afbe92f8ffd861f60ddaadb05ed32680f95d69259c3701adf966,f93559813bf07acd58fdfce71085e54825607a47,False,mps,19.341826000250876
unconstrained__geo-axial__holdout-straight__seed-04,unconstrained,geo-axial,straight,4,1000,8192,0.0005,9e990c8bdb32afbe92f8ffd861f60ddaadb05ed32680f95d69259c3701adf966,f93559813bf07acd58fdfce71085e54825607a47,False,mps,18.974307250231504
unconstrained__geo-wallstretched__holdout-expanded__seed-00,unconstrained,geo-wallstretched,expanded,0,1000,8192,0.0005,9e990c8bdb32afbe92f8ffd861f60ddaadb05ed32680f95d69259c3701adf966,f93559813bf07acd58fdfce71085e54825607a47,False,mps,18.58068725001067
unconstrained__geo-wallstretched__holdout-expanded__seed-01,unconstrained,geo-wallstretched,expanded,1,1000,8192,0.0005,9e990c8bdb32afbe92f8ffd861f60ddaadb05ed32680f95d69259c3701adf966,f93559813bf07acd58fdfce71085e54825607a47,False,mps,18.49484120775014
unconstrained__geo-wallstretched__holdout-expanded__seed-02,unconstrained,geo-wallstretched,expanded,2,1000,8192,0.0005,9e990c8bdb32afbe92f8ffd861f60ddaadb05ed32680f95d69259c3701adf966,f93559813bf07acd58fdfce71085e54825607a47,False,mps,18.63482933305204
unconstrained__geo-wallstretched__holdout-expanded__seed-03,unconstrained,geo-wallstretched,expanded,3,1000,8192,0.0005,9e990c8bdb32afbe92f8ffd861f60ddaadb05ed32680f95d69259c3701adf966,f93559813bf07acd58fdfce71085e54825607a47,False,mps,18.64515241701156
unconstrained__geo-wallstretched__holdout-expanded__seed-04,unconstrained,geo-wallstretched,expanded,4,1000,8192,0.0005,9e990c8bdb32afbe92f8ffd861f60ddaadb05ed32680f95d69259c3701adf966,f93559813bf07acd58fdfce71085e54825607a47,False,mps,18.66206149943173
unconstrained__geo-wallstretched__holdout-hyperbolic__seed-00,unconstrained,geo-wallstretched,hyperbolic,0,1000,8192,0.0005,9e990c8bdb32afbe92f8ffd861f60ddaadb05ed32680f95d69259c3701adf966,f93559813bf07acd58fdfce71085e54825607a47,False,mps,18.60476445965469
unconstrained__geo-wallstretched__holdout-hyperbolic__seed-01,unconstrained,geo-wallstretched,hyperbolic,1,1000,8192,0.0005,9e990c8bdb32afbe92f8ffd861f60ddaadb05ed32680f95d69259c3701adf966,f93559813bf07acd58fdfce71085e54825607a47,False,mps,18.567054042592645
unconstrained__geo-wallstretched__holdout-hyperbolic__seed-02,unconstrained,geo-wallstretched,hyperbolic,2,1000,8192,0.0005,9e990c8bdb32afbe92f8ffd861f60ddaadb05ed32680f95d69259c3701adf966,f93559813bf07acd58fdfce71085e54825607a47,False,mps,18.558641040697694
unconstrained__geo-wallstretched__holdout-hyperbolic__seed-03,unconstrained,geo-wallstretched,hyperbolic,3,1000,8192,0.0005,9e990c8bdb32afbe92f8ffd861f60ddaadb05ed32680f95d69259c3701adf966,f93559813bf07acd58fdfce71085e54825607a47,False,mps,18.60510416701436
unconstrained__geo-wallstretched__holdout-hyperbolic__seed-04,unconstrained,geo-wallstretched,hyperbolic,4,1000,8192,0.0005,9e990c8bdb32afbe92f8ffd861f60ddaadb05ed32680f95d69259c3701adf966,f93559813bf07acd58fdfce71085e54825607a47,False,mps,18.46020337473601
unconstrained__geo-wallstretched__holdout-sinusoidal__seed-00,unconstrained,geo-wallstretched,sinusoidal,0,1000,8192,0.0005,9e990c8bdb32afbe92f8ffd861f60ddaadb05ed32680f95d69259c3701adf966,f93559813bf07acd58fdfce71085e54825607a47,False,mps,18.358090292662382
unconstrained__geo-wallstretched__holdout-sinusoidal__seed-01,unconstrained,geo-wallstretched,sinusoidal,1,1000,8192,0.0005,9e990c8bdb32afbe92f8ffd861f60ddaadb05ed32680f95d69259c3701adf966,f93559813bf07acd58fdfce71085e54825607a47,False,mps,18.398028790950775
unconstrained__geo-wallstretched__holdout-sinusoidal__seed-02,unconstrained,geo-wallstretched,sinusoidal,2,1000,8192,0.0005,9e990c8bdb32afbe92f8ffd861f60ddaadb05ed32680f95d69259c3701adf966,f93559813bf07acd58fdfce71085e54825607a47,False,mps,18.239073917269707
unconstrained__geo-wallstretched__holdout-sinusoidal__seed-03,unconstrained,geo-wallstretched,sinusoidal,3,1000,8192,0.0005,9e990c8bdb32afbe92f8ffd861f60ddaadb05ed32680f95d69259c3701adf966,f93559813bf07acd58fdfce71085e54825607a47,False,mps,18.331764416769147
unconstrained__geo-wallstretched__holdout-sinusoidal__seed-04,unconstrained,geo-wallstretched,sinusoidal,4,1000,8192,0.0005,9e990c8bdb32afbe92f8ffd861f60ddaadb05ed32680f95d69259c3701adf966,f93559813bf07acd58fdfce71085e54825607a47,False,mps,18.25586500018835
unconstrained__geo-wallstretched__holdout-stenosed__seed-00,unconstrained,geo-wallstretched,stenosed,0,1000,8192,0.0005,9e990c8bdb32afbe92f8ffd861f60ddaadb05ed32680f95d69259c3701adf966,f93559813bf07acd58fdfce71085e54825607a47,False,mps,18.494813166558743
unconstrained__geo-wallstretched__holdout-stenosed__seed-01,unconstrained,geo-wallstretched,stenosed,1,1000,8192,0.0005,9e990c8bdb32afbe92f8ffd861f60ddaadb05ed32680f95d69259c3701adf966,f93559813bf07acd58fdfce71085e54825607a47,False,mps,18.512368499301374
unconstrained__geo-wallstretched__holdout-stenosed__seed-02,unconstrained,geo-wallstretched,stenosed,2,1000,8192,0.0005,9e990c8bdb32afbe92f8ffd861f60ddaadb05ed32680f95d69259c3701adf966,f93559813bf07acd58fdfce71085e54825607a47,False,mps,18.556029583327472
unconstrained__geo-wallstretched__holdout-stenosed__seed-03,unconstrained,geo-wallstretched,stenosed,3,1000,8192,0.0005,9e990c8bdb32afbe92f8ffd861f60ddaadb05ed32680f95d69259c3701adf966,f93559813bf07acd58fdfce71085e54825607a47,False,mps,18.57837633229792
unconstrained__geo-wallstretched__holdout-stenosed__seed-04,unconstrained,geo-wallstretched,stenosed,4,1000,8192,0.0005,9e990c8bdb32afbe92f8ffd861f60ddaadb05ed32680f95d69259c3701adf966,f93559813bf07acd58fdfce71085e54825607a47,False,mps,18.55397133436054
unconstrained__geo-wallstretched__holdout-straight__seed-00,unconstrained,geo-wallstretched,straight,0,1000,8192,0.0005,9e990c8bdb32afbe92f8ffd861f60ddaadb05ed32680f95d69259c3701adf966,f93559813bf07acd58fdfce71085e54825607a47,False,mps,18.801520999521017
unconstrained__geo-wallstretched__holdout-straight__seed-01,unconstrained,geo-wallstretched,straight,1,1000,8192,0.0005,9e990c8bdb32afbe92f8ffd861f60ddaadb05ed32680f95d69259c3701adf966,f93559813bf07acd58fdfce71085e54825607a47,False,mps,19.40435504168272
unconstrained__geo-wallstretched__holdout-straight__seed-02,unconstrained,geo-wallstretched,straight,2,1000,8192,0.0005,9e990c8bdb32afbe92f8ffd861f60ddaadb05ed32680f95d69259c3701adf966,f93559813bf07acd58fdfce71085e54825607a47,False,mps,18.53622616548091
unconstrained__geo-wallstretched__holdout-straight__seed-03,unconstrained,geo-wallstretched,straight,3,1000,8192,0.0005,9e990c8bdb32afbe92f8ffd861f60ddaadb05ed32680f95d69259c3701adf966,f93559813bf07acd58fdfce71085e54825607a47,False,mps,18.84215775039047
unconstrained__geo-wallstretched__holdout-straight__seed-04,unconstrained,geo-wallstretched,straight,4,1000,8192,0.0005,9e990c8bdb32afbe92f8ffd861f60ddaadb05ed32680f95d69259c3701adf966,f93559813bf07acd58fdfce71085e54825607a47,False,mps,18.740993834100664
unconstrained__uniform__holdout-expanded__seed-00,unconstrained,uniform,expanded,0,1000,8192,0.0005,9e990c8bdb32afbe92f8ffd861f60ddaadb05ed32680f95d69259c3701adf966,f93559813bf07acd58fdfce71085e54825607a47,False,mps,13.995972250588238
unconstrained__uniform__holdout-expanded__seed-01,unconstrained,uniform,expanded,1,1000,8192,0.0005,9e990c8bdb32afbe92f8ffd861f60ddaadb05ed32680f95d69259c3701adf966,f93559813bf07acd58fdfce71085e54825607a47,False,mps,13.956340791657567
unconstrained__uniform__holdout-expanded__seed-02,unconstrained,uniform,expanded,2,1000,8192,0.0005,9e990c8bdb32afbe92f8ffd861f60ddaadb05ed32680f95d69259c3701adf966,f93559813bf07acd58fdfce71085e54825607a47,False,mps,13.865403790958226
unconstrained__uniform__holdout-expanded__seed-03,unconstrained,uniform,expanded,3,1000,8192,0.0005,9e990c8bdb32afbe92f8ffd861f60ddaadb05ed32680f95d69259c3701adf966,f93559813bf07acd58fdfce71085e54825607a47,False,mps,14.152332750149071
unconstrained__uniform__holdout-expanded__seed-04,unconstrained,uniform,expanded,4,1000,8192,0.0005,9e990c8bdb32afbe92f8ffd861f60ddaadb05ed32680f95d69259c3701adf966,f93559813bf07acd58fdfce71085e54825607a47,False,mps,14.008060375228524
unconstrained__uniform__holdout-hyperbolic__seed-00,unconstrained,uniform,hyperbolic,0,1000,8192,0.0005,9e990c8bdb32afbe92f8ffd861f60ddaadb05ed32680f95d69259c3701adf966,f93559813bf07acd58fdfce71085e54825607a47,False,mps,13.688131041824818
unconstrained__uniform__holdout-hyperbolic__seed-01,unconstrained,uniform,hyperbolic,1,1000,8192,0.0005,9e990c8bdb32afbe92f8ffd861f60ddaadb05ed32680f95d69259c3701adf966,f93559813bf07acd58fdfce71085e54825607a47,False,mps,13.797126332297921
unconstrained__uniform__holdout-hyperbolic__seed-02,unconstrained,uniform,hyperbolic,2,1000,8192,0.0005,9e990c8bdb32afbe92f8ffd861f60ddaadb05ed32680f95d69259c3701adf966,f93559813bf07acd58fdfce71085e54825607a47,False,mps,14.42675825022161
unconstrained__uniform__holdout-hyperbolic__seed-03,unconstrained,uniform,hyperbolic,3,1000,8192,0.0005,9e990c8bdb32afbe92f8ffd861f60ddaadb05ed32680f95d69259c3701adf966,f93559813bf07acd58fdfce71085e54825607a47,False,mps,14.299524707719684
unconstrained__uniform__holdout-hyperbolic__seed-04,unconstrained,uniform,hyperbolic,4,1000,8192,0.0005,9e990c8bdb32afbe92f8ffd861f60ddaadb05ed32680f95d69259c3701adf966,f93559813bf07acd58fdfce71085e54825607a47,False,mps,14.097611207515001
unconstrained__uniform__holdout-sinusoidal__seed-00,unconstrained,uniform,sinusoidal,0,1000,8192,0.0005,9e990c8bdb32afbe92f8ffd861f60ddaadb05ed32680f95d69259c3701adf966,c63643d1c39bbebb1e7602952c4224968c8ff89a,False,mps,19.97840225044638
unconstrained__uniform__holdout-sinusoidal__seed-01,unconstrained,uniform,sinusoidal,1,1000,8192,0.0005,9e990c8bdb32afbe92f8ffd861f60ddaadb05ed32680f95d69259c3701adf966,c63643d1c39bbebb1e7602952c4224968c8ff89a,False,mps,20.09164304099977
unconstrained__uniform__holdout-sinusoidal__seed-02,unconstrained,uniform,sinusoidal,2,1000,8192,0.0005,9e990c8bdb32afbe92f8ffd861f60ddaadb05ed32680f95d69259c3701adf966,c63643d1c39bbebb1e7602952c4224968c8ff89a,False,mps,19.226527291350067
unconstrained__uniform__holdout-sinusoidal__seed-03,unconstrained,uniform,sinusoidal,3,1000,8192,0.0005,9e990c8bdb32afbe92f8ffd861f60ddaadb05ed32680f95d69259c3701adf966,c63643d1c39bbebb1e7602952c4224968c8ff89a,False,mps,19.2292782086879
unconstrained__uniform__holdout-sinusoidal__seed-04,unconstrained,uniform,sinusoidal,4,1000,8192,0.0005,9e990c8bdb32afbe92f8ffd861f60ddaadb05ed32680f95d69259c3701adf966,c63643d1c39bbebb1e7602952c4224968c8ff89a,False,mps,19.25481416657567
unconstrained__uniform__holdout-stenosed__seed-00,unconstrained,uniform,stenosed,0,1000,8192,0.0005,9e990c8bdb32afbe92f8ffd861f60ddaadb05ed32680f95d69259c3701adf966,f93559813bf07acd58fdfce71085e54825607a47,False,mps,13.736032666638494
unconstrained__uniform__holdout-stenosed__seed-01,unconstrained,uniform,stenosed,1,1000,8192,0.0005,9e990c8bdb32afbe92f8ffd861f60ddaadb05ed32680f95d69259c3701adf966,f93559813bf07acd58fdfce71085e54825607a47,False,mps,13.976751458831131
unconstrained__uniform__holdout-stenosed__seed-02,unconstrained,uniform,stenosed,2,1000,8192,0.0005,9e990c8bdb32afbe92f8ffd861f60ddaadb05ed32680f95d69259c3701adf966,f93559813bf07acd58fdfce71085e54825607a47,False,mps,13.926286375150084
unconstrained__uniform__holdout-stenosed__seed-03,unconstrained,uniform,stenosed,3,1000,8192,0.0005,9e990c8bdb32afbe92f8ffd861f60ddaadb05ed32680f95d69259c3701adf966,f93559813bf07acd58fdfce71085e54825607a47,False,mps,13.735953958705068
unconstrained__uniform__holdout-stenosed__seed-04,unconstrained,uniform,stenosed,4,1000,8192,0.0005,9e990c8bdb32afbe92f8ffd861f60ddaadb05ed32680f95d69259c3701adf966,f93559813bf07acd58fdfce71085e54825607a47,False,mps,13.707859500311315
unconstrained__uniform__holdout-straight__seed-00,unconstrained,uniform,straight,0,1000,8192,0.0005,9e990c8bdb32afbe92f8ffd861f60ddaadb05ed32680f95d69259c3701adf966,f93559813bf07acd58fdfce71085e54825607a47,False,mps,14.710715167224407
unconstrained__uniform__holdout-straight__seed-01,unconstrained,uniform,straight,1,1000,8192,0.0005,9e990c8bdb32afbe92f8ffd861f60ddaadb05ed32680f95d69259c3701adf966,f93559813bf07acd58fdfce71085e54825607a47,False,mps,14.920889624394476
unconstrained__uniform__holdout-straight__seed-02,unconstrained,uniform,straight,2,1000,8192,0.0005,9e990c8bdb32afbe92f8ffd861f60ddaadb05ed32680f95d69259c3701adf966,f93559813bf07acd58fdfce71085e54825607a47,False,mps,13.957309916615486
unconstrained__uniform__holdout-straight__seed-03,unconstrained,uniform,straight,3,1000,8192,0.0005,9e990c8bdb32afbe92f8ffd861f60ddaadb05ed32680f95d69259c3701adf966,f93559813bf07acd58fdfce71085e54825607a47,False,mps,14.462669417262077
unconstrained__uniform__holdout-straight__seed-04,unconstrained,uniform,straight,4,1000,8192,0.0005,9e990c8bdb32afbe92f8ffd861f60ddaadb05ed32680f95d69259c3701adf966,f93559813bf07acd58fdfce71085e54825607a47,False,mps,14.126682667061687
