arch,sampling,holdout,seed,status,detail
unconstrained,uniform,straight,0,complete,
unconstrained,uniform,straight,1,complete,
unconstrained,uniform,straight,2,complete,
unconstrained,uniform,straight,3,complete,
unconstrained,uniform,straight,4,complete,
unconstrained,uniform,stenosed,0,complete,
unconstrained,uniform,stenosed,1,complete,
unconstrained,uniform,stenosed,2,complete,
unconstrained,uniform,stenosed,3,complete,
unconstrained,uniform,stenosed,4,complete,
unconstrained,uniform,expanded,0,complete,
unconstrained,uniform,expanded,1,complete,
unconstrained,uniform,expanded,2,complete,
unconstrained,uniform,expanded,3,complete,
unconstrained,uniform,expanded,4,complete,
unconstrained,uniform,sinusoidal,0,complete,
unconstrained,uniform,sinusoidal,1,complete,
unconstrained,uniform,sinusoidal,2,complete,
unconstrained,uniform,sinusoidal,3,complete,
unconstrained,uniform,sinusoidal,4,complete,
unconstrained,uniform,hyperbolic,0,complete,
unconstrained,uniform,hyperbolic,1,complete,
unconstrained,uniform,hyperbolic,2,complete,
unconstrained,uniform,hyperbolic,3,complete,
unconstrained,uniform,hyperbolic,4,complete,
unconstrained,geo-axial,straight,0,complete,
unconstrained,geo-axial,straight,1,complete,
unconstrained,geo-axial,straight,2,complete,
unconstrained,geo-axial,straight,3,complete,
unconstrained,geo-axial,straight,4,complete,
unconstrained,geo-axial,stenosed,0,complete,
unconstrained,geo-axial,stenosed,1,complete,
unconstrained,geo-axial,stenosed,2,complete,
unconstrained,geo-axial,stenosed,3,complete,
unconstrained,geo-axial,stenosed,4,complete,
unconstrained,geo-axial,expanded,0,complete,
unconstrained,geo-axial,expanded,1,complete,
unconstrained,geo-axial,expanded,2,complete,
unconstrained,geo-axial,expanded,3,complete,
unconstrained,geo-axial,expanded,4,complete,
unconstrained,geo-axial,sinusoidal,0,complete,
unconstrained,geo-axial,sinusoidal,1,complete,
unconstrained,geo-axial,sinusoidal,2,complete,
unconstrained,geo-axial,sinusoidal,3,complete,
unconstrained,geo-axial,sinusoidal,4,complete,
unconstrained,geo-axial,hyperbolic,0,complete,
unconstrained,geo-axial,hyperbolic,1,complete,
unconstrained,geo-axial,hyperbolic,2,complete,
unconstrained,geo-axial,hyperbolic,3,complete,
unconstrained,geo-axial,hyperbolic,4,complete,
unconstrained,geo-wallstretched,straight,0,complete,
unconstrained,geo-wallstretched,straight,1,complete,
unconstrained,geo-wallstretched,straight,2,complete,
unconstrained,geo-wallstretched,straight,3,complete,
unconstrained,geo-wallstretched,straight,4,complete,
unconstrained,geo-wallstretched,stenosed,0,complete,
unconstrained,geo-wallstretched,stenosed,1,complete,
unconstrained,geo-wallstretched,stenosed,2,complete,
unconstrained,geo-wallstretched,stenosed,3,complete,
unconstrained,geo-wallstretched,stenosed,4,complete,
unconstrained,geo-wallstretched,expanded,0,complete,
unconstrained,geo-wallstretched,expanded,1,complete,
unconstrained,geo-wallstretched,expanded,2,complete,
unconstrained,geo-wallstretched,expanded,3,complete,
unconstrained,geo-wallstretched,expanded,4,complete,
unconstrained,geo-wallstretched,sinusoidal,0,complete,
unconstrained,geo-wallstretched,sinusoidal,1,complete,
unconstrained,geo-wallstretched,sinusoidal,2,complete,
unconstrained,geo-wallstretched,sinusoidal,3,complete,
unconstrained,geo-wallstretched,sinusoidal,4,complete,
unconstrained,geo-wallstretched,hyperbolic,0,complete,
unconstrained,geo-wallstretched,hyperbolic,1,complete,
unconstrained,geo-wallstretched,hyperbolic,2,complete,
unconstrained,geo-wallstretched,hyperbolic,3,complete,
unconstrained,geo-wallstretched,hyperbolic,4,complete,
powerlaw,uniform,straight,0,complete,
powerlaw,uniform,straight,1,complete,
powerlaw,uniform,straight,2,complete,
powerlaw,uniform,straight,3,complete,
powerlaw,uniform,straight,4,complete,
powerlaw,uniform,stenosed,0,complete,
powerlaw,uniform,stenosed,1,complete,
powerlaw,uniform,stenosed,2,complete,
powerlaw,uniform,stenosed,3,complete,
powerlaw,uniform,stenosed,4,complete,
powerlaw,uniform,expanded,0,complete,
powerlaw,uniform,expanded,1,complete,
powerlaw,uniform,expanded,2,complete,
powerlaw,uniform,expanded,3,complete,
powerlaw,uniform,expanded,4,complete,
powerlaw,uniform,sinusoidal,0,complete,
powerlaw,uniform,sinusoidal,1,complete,
powerlaw,uniform,sinusoidal,2,complete,
powerlaw,uniform,sinusoidal,3,complete,
powerlaw,uniform,sinusoidal,4,complete,
powerlaw,uniform,hyperbolic,0,complete,
powerlaw,uniform,hyperbolic,1,complete,
powerlaw,uniform,hyperbolic,2,complete,
powerlaw,uniform,hyperbolic,3,complete,
powerlaw,uniform,hyperbolic,4,complete,
powerlaw,geo-axial,straight,0,complete,
powerlaw,geo-axial,straight,1,complete,
powerlaw,geo-axial,straight,2,complete,
powerlaw,geo-axial,straight,3,complete,
powerlaw,geo-axial,straight,4,complete,
powerlaw,geo-axial,stenosed,0,complete,
powerlaw,geo-axial,stenosed,1,complete,
powerlaw,geo-axial,stenosed,2,complete,
powerlaw,geo-axial,stenosed,3,complete,
powerlaw,geo-axial,stenosed,4,complete,
powerlaw,geo-axial,expanded,0,complete,
powerlaw,geo-axial,expanded,1,complete,
powerlaw,geo-axial,expanded,2,complete,
powerlaw,geo-axial,expanded,3,complete,
powerlaw,geo-axial,expanded,4,complete,
powerlaw,geo-axial,sinusoidal,0,complete,
powerlaw,geo-axial,sinusoidal,1,complete,
powerlaw,geo-axial,sinusoidal,2,complete,
powerlaw,geo-axial,sinusoidal,3,complete,
powerlaw,geo-axial,sinusoidal,4,complete,
powerlaw,geo-axial,hyperbolic,0,complete,
powerlaw,geo-axial,hyperbolic,1,complete,
powerlaw,geo-axial,hyperbolic,2,complete,
powerlaw,geo-axial,hyperbolic,3,complete,
powerlaw,geo-axial,hyperbolic,4,complete,
powerlaw,geo-wallstretched,straight,0,complete,
powerlaw,geo-wallstretched,straight,1,complete,
powerlaw,geo-wallstretched,straight,2,complete,
powerlaw,geo-wallstretched,straight,3,complete,
powerlaw,geo-wallstretched,straight,4,complete,
powerlaw,geo-wallstretched,stenosed,0,complete,
powerlaw,geo-wallstretched,stenosed,1,complete,
powerlaw,geo-wallstretched,stenosed,2,complete,
powerlaw,geo-wallstretched,stenosed,3,complete,
powerlaw,geo-wallstretched,stenosed,4,complete,
powerlaw,geo-wallstretched,expanded,0,complete,
powerlaw,geo-wallstretched,expanded,1,complete,
powerlaw,geo-wallstretched,expanded,2,complete,
powerlaw,geo-wallstretched,expanded,3,complete,
powerlaw,geo-wallstretched,expanded,4,complete,
powerlaw,geo-wallstretched,sinusoidal,0,complete,
powerlaw,geo-wallstretched,sinusoidal,1,complete,
powerlaw,geo-wallstretched,sinusoidal,2,complete,
powerlaw,geo-wallstretched,sinusoidal,3,complete,
powerlaw,geo-wallstretched,sinusoidal,4,complete,
powerlaw,geo-wallstretched,hyperbolic,0,complete,
powerlaw,geo-wallstretched,hyperbolic,1,complete,
powerlaw,geo-wallstretched,hyperbolic,2,complete,
powerlaw,geo-wallstretched,hyperbolic,3,complete,
powerlaw,geo-wallstretched,hyperbolic,4,complete,
geoaware,uniform,straight,0,complete,
geoaware,uniform,straight,1,complete,
geoaware,uniform,straight,2,complete,
geoaware,uniform,straight,3,complete,
geoaware,uniform,straight,4,complete,
geoaware,uniform,stenosed,0,complete,
geoaware,uniform,stenosed,1,complete,
geoaware,uniform,stenosed,2,complete,
geoaware,uniform,stenosed,3,complete,
geoaware,uniform,stenosed,4,complete,
geoaware,uniform,expanded,0,complete,
geoaware,uniform,expanded,1,complete,
geoaware,uniform,expanded,2,complete,
geoaware,uniform,expanded,3,complete,
geoaware,uniform,expanded,4,complete,
geoaware,uniform,sinusoidal,0,complete,
geoaware,uniform,sinusoidal,1,complete,
geoaware,uniform,sinusoidal,2,complete,
geoaware,uniform,sinusoidal,3,complete,
geoaware,uniform,sinusoidal,4,complete,
geoaware,uniform,hyperbolic,0,complete,
geoaware,uniform,hyperbolic,1,complete,
geoaware,uniform,hyperbolic,2,complete,
geoaware,uniform,hyperbolic,3,complete,
geoaware,uniform,hyperbolic,4,complete,
geoaware,geo-axial,straight,0,complete,
geoaware,geo-axial,straight,1,complete,
geoaware,geo-axial,straight,2,complete,
geoaware,geo-axial,straight,3,complete,
geoaware,geo-axial,straight,4,complete,
geoaware,geo-axial,stenosed,0,complete,
geoaware,geo-axial,stenosed,1,complete,
geoaware,geo-axial,stenosed,2,complete,
geoaware,geo-axial,stenosed,3,complete,
geoaware,geo-axial,stenosed,4,complete,
geoaware,geo-axial,expanded,0,complete,
geoaware,geo-axial,expanded,1,complete,
geoaware,geo-axial,expanded,2,complete,
geoaware,geo-axial,expanded,3,complete,
geoaware,geo-axial,expanded,4,complete,
geoaware,geo-axial,sinusoidal,0,complete,
geoaware,geo-axial,sinusoidal,1,complete,
geoaware,geo-axial,sinusoidal,2,complete,
geoaware,geo-axial,sinusoidal,3,complete,
geoaware,geo-axial,sinusoidal,4,complete,
geoaware,geo-axial,hyperbolic,0,complete,
geoaware,geo-axial,hyperbolic,1,complete,
geoaware,geo-axial,hyperbolic,2,complete,
geoaware,geo-axial,hyperbolic,3,complete,
geoaware,geo-axial,hyperbolic,4,complete,
geoaware,geo-wallstretched,straight,0,complete,
geoaware,geo-wallstretched,straight,1,complete,
geoaware,geo-wallstretched,straight,2,complete,
geoaware,geo-wallstretched,straight,3,complete,
geoaware,geo-wallstretched,straight,4,complete,
geoaware,geo-wallstretched,stenosed,0,complete,
geoaware,geo-wallstretched,stenosed,1,complete,
geoaware,geo-wallstretched,stenosed,2,complete,
geoaware,geo-wallstretched,stenosed,3,complete,
geoaware,geo-wallstretched,stenosed,4,complete,
geoaware,geo-wallstretched,expanded,0,complete,
geoaware,geo-wallstretched,expanded,1,complete,
geoaware,geo-wallstretched,expanded,2,complete,
geoaware,geo-wallstretched,expanded,3,complete,
geoaware,geo-wallstretched,expanded,4,complete,
geoaware,geo-wallstretched,sinusoidal,0,complete,
geoaware,geo-wallstretched,sinusoidal,1,complete,
geoaware,geo-wallstretched,sinusoidal,2,complete,
geoaware,geo-wallstretched,sinusoidal,3,complete,
geoaware,geo-wallstretched,sinusoidal,4,complete,
geoaware,geo-wallstretched,hyperbolic,0,complete,
geoaware,geo-wallstretched,hyperbolic,1,complete,
geoaware,geo-wallstretched,hyperbolic,2,complete,
geoaware,geo-wallstretched,hyperbolic,3,complete,
geoaware,geo-wallstretched,hyperbolic,4,complete,
