model,model_key,sample_idx,geometry,fluid_model,relative_l2,target_max,prediction_min,prediction_max,has_negative_prediction
Power-law-aware,power_law_aware,3,sinusoidal,newtonian,1.909011721611023,0.19442060589790344,0.0,0.40701988339424133,False
Power-law-aware,power_law_aware,4,sinusoidal,power_law,0.15013441443443298,0.3264071047306061,0.0,0.3443521559238434,False
Power-law-aware,power_law_aware,5,sinusoidal,newtonian,0.11767534166574478,0.3597378730773926,0.0,0.40640440583229065,False
Power-law-aware,power_law_aware,7,sinusoidal,power_law,0.1453293114900589,0.17870374023914337,0.0,0.1636800915002823,False
Power-law-aware,power_law_aware,16,sinusoidal,newtonian,0.28460729122161865,0.21692927181720734,0.0,0.141616091132164,False
Power-law-aware,power_law_aware,18,sinusoidal,newtonian,0.07796230167150497,0.5584400296211243,0.0,0.5411537885665894,False
Power-law-aware,power_law_aware,22,sinusoidal,power_law,0.24227769672870636,0.37664663791656494,0.0,0.26068568229675293,False
Power-law-aware,power_law_aware,23,sinusoidal,newtonian,0.1966649889945984,0.17399682104587555,0.0,0.1639128178358078,False
Power-law-aware,power_law_aware,44,sinusoidal,newtonian,0.304521381855011,0.16840219497680664,0.0,0.11106487363576889,False
Power-law-aware,power_law_aware,48,sinusoidal,newtonian,0.23728331923484802,0.5810426473617554,0.0,0.5472813844680786,False
Power-law-aware,power_law_aware,52,sinusoidal,newtonian,0.4626108705997467,0.19962646067142487,0.0,0.23821862041950226,False
Power-law-aware,power_law_aware,58,sinusoidal,newtonian,0.11551101505756378,0.4834921658039093,0.0,0.4301692843437195,False
Power-law-aware,power_law_aware,69,sinusoidal,newtonian,0.3944452106952667,0.549751877784729,0.0,0.2990482449531555,False
Power-law-aware,power_law_aware,72,sinusoidal,power_law,0.41938111186027527,0.4354799687862396,0.0,0.4929398000240326,False
Power-law-aware,power_law_aware,76,sinusoidal,newtonian,0.2665468156337738,0.24829936027526855,0.0,0.17158858478069305,False
Power-law-aware,power_law_aware,92,sinusoidal,newtonian,0.3587273955345154,0.7202280759811401,0.0,0.4157123267650604,False
Power-law-aware,power_law_aware,96,sinusoidal,power_law,0.8905260562896729,0.029393373057246208,0.0,0.045898448675870895,False
Power-law-aware,power_law_aware,114,sinusoidal,power_law,0.47506868839263916,0.2571200728416443,0.0,0.11563672870397568,False
Power-law-aware,power_law_aware,117,sinusoidal,power_law,0.6288323402404785,0.31872090697288513,0.0,0.48301953077316284,False
Power-law-aware,power_law_aware,122,sinusoidal,newtonian,0.1617518812417984,0.17930381000041962,0.0,0.154821515083313,False
Power-law-aware,power_law_aware,126,sinusoidal,power_law,1.7896440029144287,0.2550314664840698,0.0,0.5560415387153625,False
Power-law-aware,power_law_aware,129,sinusoidal,newtonian,0.1074882373213768,0.1746830940246582,0.0,0.15789079666137695,False
Power-law-aware,power_law_aware,134,sinusoidal,power_law,0.5946335792541504,0.30219802260398865,0.0,0.44387567043304443,False
Power-law-aware,power_law_aware,136,sinusoidal,newtonian,0.25569066405296326,0.3432188034057617,0.0,0.3023720681667328,False
Power-law-aware,power_law_aware,145,sinusoidal,newtonian,0.10980475693941116,0.22872015833854675,0.0,0.21565461158752441,False
Power-law-aware,power_law_aware,146,sinusoidal,power_law,0.18237026035785675,0.7369264960289001,0.0,0.7044695019721985,False
Power-law-aware,power_law_aware,148,sinusoidal,newtonian,0.09076642990112305,0.5448064804077148,0.0,0.6049858331680298,False
Power-law-aware,power_law_aware,149,sinusoidal,power_law,0.3952653110027313,0.8191092014312744,0.0,0.42868542671203613,False
Power-law-aware,power_law_aware,150,sinusoidal,power_law,0.2005264014005661,0.23493704199790955,0.0,0.2120635211467743,False
Power-law-aware,power_law_aware,151,sinusoidal,newtonian,0.34482499957084656,0.19582059979438782,0.0,0.11330265551805496,False
Power-law-aware,power_law_aware,160,sinusoidal,newtonian,0.08248147368431091,0.23550225794315338,0.0,0.27055928111076355,False
Power-law-aware,power_law_aware,163,sinusoidal,power_law,0.2865568697452545,0.27110594511032104,0.0,0.3124609887599945,False
Power-law-aware,power_law_aware,165,sinusoidal,power_law,0.21755988895893097,0.30861523747444153,0.0,0.29537513852119446,False
Power-law-aware,power_law_aware,170,sinusoidal,power_law,0.09525737911462784,0.22011563181877136,0.0,0.20902113616466522,False
Power-law-aware,power_law_aware,172,sinusoidal,newtonian,0.30926525592803955,0.08246850967407227,0.0,0.05846884101629257,False
Power-law-aware,power_law_aware,174,sinusoidal,newtonian,0.25863170623779297,0.35930338501930237,0.0,0.2528114318847656,False
Power-law-aware,power_law_aware,196,sinusoidal,power_law,0.27841517329216003,0.48241329193115234,0.0,0.32313740253448486,False
Power-law-aware,power_law_aware,199,sinusoidal,newtonian,0.2336532175540924,0.09800326079130173,0.0,0.08932983130216599,False
Power-law-aware,power_law_aware,205,sinusoidal,newtonian,0.04414067417383194,0.31824955344200134,0.0,0.3280901610851288,False
Power-law-aware,power_law_aware,209,sinusoidal,power_law,0.5555541515350342,0.05162109434604645,0.0,0.09820707142353058,False
Power-law-aware,power_law_aware,212,sinusoidal,power_law,0.5403043031692505,0.04108118638396263,0.0,0.04958721250295639,False
Power-law-aware,power_law_aware,213,sinusoidal,newtonian,0.11750811338424683,0.2424718290567398,0.0,0.214244544506073,False
Power-law-aware,power_law_aware,218,sinusoidal,newtonian,0.3626497685909271,0.45421215891838074,0.0,0.26879164576530457,False
Power-law-aware,power_law_aware,219,sinusoidal,power_law,0.5360293388366699,0.09955015033483505,0.0,0.042371395975351334,False
Power-law-aware,power_law_aware,220,sinusoidal,power_law,2.3029441833496094,0.05283971130847931,0.0,0.14189650118350983,False
Power-law-aware,power_law_aware,222,sinusoidal,newtonian,0.09322206676006317,0.25374525785446167,0.0,0.27389127016067505,False
Power-law-aware,power_law_aware,224,sinusoidal,power_law,0.18162789940834045,0.23922835290431976,0.0,0.1809827983379364,False
Power-law-aware,power_law_aware,227,sinusoidal,power_law,0.2109898328781128,0.35903024673461914,0.0,0.25978943705558777,False
Power-law-aware,power_law_aware,233,sinusoidal,newtonian,0.8528224229812622,0.19573628902435303,0.0,0.27351659536361694,False
Power-law-aware,power_law_aware,245,sinusoidal,newtonian,0.25572410225868225,0.1819748431444168,0.0,0.16177140176296234,False
Power-law-aware,power_law_aware,249,sinusoidal,newtonian,0.09947779774665833,0.6667985320091248,0.0,0.6540833115577698,False
Power-law-aware,power_law_aware,254,sinusoidal,newtonian,0.09897162765264511,0.32281363010406494,0.0,0.36690181493759155,False
Power-law-aware,power_law_aware,261,sinusoidal,newtonian,0.14491352438926697,0.953031599521637,0.0,0.8207603693008423,False
Power-law-aware,power_law_aware,262,sinusoidal,newtonian,0.12392698973417282,0.37255948781967163,0.0,0.4008442461490631,False
Power-law-aware,power_law_aware,264,sinusoidal,power_law,0.2270081341266632,0.45829418301582336,0.0,0.33609673380851746,False
Power-law-aware,power_law_aware,266,sinusoidal,power_law,0.39528536796569824,0.0951462984085083,0.0,0.05096115171909332,False
Power-law-aware,power_law_aware,267,sinusoidal,newtonian,0.35060715675354004,0.2510928809642792,0.0,0.3033181428909302,False
Power-law-aware,power_law_aware,282,sinusoidal,power_law,0.08781357109546661,0.213345468044281,0.0,0.1910557746887207,False
Power-law-aware,power_law_aware,284,sinusoidal,power_law,0.1577887386083603,0.28798165917396545,0.0,0.2421400547027588,False
Power-law-aware,power_law_aware,289,sinusoidal,power_law,0.2878781855106354,0.35314053297042847,0.0,0.2205674946308136,False
Power-law-aware,power_law_aware,290,sinusoidal,power_law,0.26680123805999756,0.6908345818519592,0.0,0.440146803855896,False
Power-law-aware,power_law_aware,297,sinusoidal,power_law,0.19372005760669708,0.7806947231292725,0.0,0.5862783789634705,False
Power-law-aware,power_law_aware,303,sinusoidal,newtonian,0.3480621874332428,0.20553143322467804,0.0,0.3327854871749878,False
Power-law-aware,power_law_aware,306,sinusoidal,power_law,0.5511218905448914,0.0773938000202179,0.0,0.13915616273880005,False
Power-law-aware,power_law_aware,307,sinusoidal,newtonian,0.09223050624132156,0.24177706241607666,0.0,0.2370148003101349,False
Power-law-aware,power_law_aware,312,sinusoidal,power_law,0.3071112036705017,0.2984110116958618,0.0,0.19505813717842102,False
Power-law-aware,power_law_aware,314,sinusoidal,power_law,0.42990872263908386,0.261457234621048,0.0,0.3281002938747406,False
Power-law-aware,power_law_aware,318,sinusoidal,newtonian,0.2770324945449829,0.31523147225379944,0.0,0.26846545934677124,False
Power-law-aware,power_law_aware,320,sinusoidal,power_law,0.2330750823020935,0.9133955836296082,0.0,0.7868558764457703,False
Power-law-aware,power_law_aware,323,sinusoidal,power_law,0.978522002696991,0.38779664039611816,0.0,0.5468591451644897,False
Power-law-aware,power_law_aware,331,sinusoidal,power_law,0.2445584237575531,0.08944608271121979,0.0,0.071227066218853,False
Power-law-aware,power_law_aware,352,sinusoidal,power_law,0.2273775041103363,0.6843958497047424,0.0,0.46936795115470886,False
Power-law-aware,power_law_aware,358,sinusoidal,newtonian,0.19924049079418182,0.1883573979139328,0.0,0.14565296471118927,False
Power-law-aware,power_law_aware,366,sinusoidal,newtonian,0.14359135925769806,0.26343202590942383,0.0,0.26167532801628113,False
Power-law-aware,power_law_aware,371,sinusoidal,power_law,0.23646622896194458,0.18076668679714203,0.0,0.15297065675258636,False
Power-law-aware,power_law_aware,381,sinusoidal,newtonian,0.27189791202545166,0.36557167768478394,0.0,0.26970988512039185,False
Power-law-aware,power_law_aware,386,sinusoidal,power_law,0.04117421805858612,0.1992417722940445,0.0,0.19812645018100739,False
Power-law-aware,power_law_aware,398,sinusoidal,newtonian,1.0520789623260498,0.41800808906555176,0.0,0.5883316993713379,False
Power-law-aware,power_law_aware,401,sinusoidal,power_law,0.19524358212947845,0.1430584192276001,0.0,0.128850057721138,False
Power-law-aware,power_law_aware,405,sinusoidal,newtonian,0.3447393476963043,0.1322673261165619,0.0,0.07926961034536362,False
Power-law-aware,power_law_aware,406,sinusoidal,power_law,0.4699508547782898,0.22641345858573914,0.0,0.09696720540523529,False
Power-law-aware,power_law_aware,408,sinusoidal,newtonian,0.04178702458739281,0.257407546043396,0.0,0.2636816203594208,False
Power-law-aware,power_law_aware,409,sinusoidal,newtonian,0.1925072818994522,0.16433367133140564,0.0,0.132355198264122,False
Power-law-aware,power_law_aware,412,sinusoidal,power_law,0.19956137239933014,0.5959109663963318,0.0,0.5441388487815857,False
Power-law-aware,power_law_aware,425,sinusoidal,newtonian,0.12713804841041565,0.6420634984970093,0.0,0.7251279950141907,False
Power-law-aware,power_law_aware,430,sinusoidal,newtonian,0.19997750222682953,0.8247166872024536,0.0,0.6587201356887817,False
Power-law-aware,power_law_aware,434,sinusoidal,newtonian,0.3927062749862671,0.9798305034637451,0.0,0.5229907631874084,False
Power-law-aware,power_law_aware,439,sinusoidal,power_law,0.256975382566452,0.15902796387672424,0.0,0.1156153604388237,False
Power-law-aware,power_law_aware,446,sinusoidal,power_law,0.11956322938203812,0.07420922815799713,0.0,0.09616216272115707,False
Power-law-aware,power_law_aware,449,sinusoidal,newtonian,0.08495932817459106,0.3539677560329437,0.0,0.37625572085380554,False
Power-law-aware,power_law_aware,452,sinusoidal,newtonian,0.12177076190710068,0.46912193298339844,0.0,0.46378451585769653,False
Power-law-aware,power_law_aware,453,sinusoidal,power_law,0.11404510587453842,0.0862155482172966,0.0,0.08300872892141342,False
Power-law-aware,power_law_aware,461,sinusoidal,newtonian,0.08708835393190384,0.31964343786239624,0.0,0.29739877581596375,False
Power-law-aware,power_law_aware,466,sinusoidal,newtonian,0.5808643698692322,0.23015978932380676,0.0,0.27657800912857056,False
Power-law-aware,power_law_aware,467,sinusoidal,newtonian,0.14870856702327728,0.24098718166351318,0.0,0.19205035269260406,False
Power-law-aware,power_law_aware,477,sinusoidal,power_law,0.2266438603401184,0.23380228877067566,0.0,0.21956320106983185,False
Power-law-aware,power_law_aware,480,sinusoidal,power_law,0.17184807360172272,0.18271684646606445,0.0,0.17273207008838654,False
Power-law-aware,power_law_aware,485,sinusoidal,newtonian,0.4337436556816101,0.23827384412288666,0.0,0.1226297914981842,False
Power-law-aware,power_law_aware,488,sinusoidal,power_law,0.05579103156924248,0.0678517296910286,0.0,0.08124206215143204,False
Power-law-aware,power_law_aware,497,sinusoidal,newtonian,0.3523286283016205,0.12191984057426453,0.0,0.13429175317287445,False
Geometry-aware,geometry_aware,3,sinusoidal,newtonian,1.1583304405212402,0.19442060589790344,0.0,0.4083164930343628,False
Geometry-aware,geometry_aware,4,sinusoidal,power_law,0.06046181172132492,0.3264071047306061,0.0,0.35038188099861145,False
Geometry-aware,geometry_aware,5,sinusoidal,newtonian,0.14302723109722137,0.3597378730773926,0.0,0.4200589656829834,False
Geometry-aware,geometry_aware,7,sinusoidal,power_law,0.07133112102746964,0.17870374023914337,0.0,0.17381472885608673,False
Geometry-aware,geometry_aware,16,sinusoidal,newtonian,0.2910311818122864,0.21692927181720734,0.0,0.1687273383140564,False
Geometry-aware,geometry_aware,18,sinusoidal,newtonian,0.018082382157444954,0.5584400296211243,0.0,0.5700910687446594,False
Geometry-aware,geometry_aware,22,sinusoidal,power_law,0.1946699619293213,0.37664663791656494,0.0,0.5062302947044373,False
Geometry-aware,geometry_aware,23,sinusoidal,newtonian,0.14700157940387726,0.17399682104587555,0.0,0.15741412341594696,False
Geometry-aware,geometry_aware,44,sinusoidal,newtonian,0.29531794786453247,0.16840219497680664,0.0,0.12908613681793213,False
Geometry-aware,geometry_aware,48,sinusoidal,newtonian,0.2136346399784088,0.5810426473617554,0.0,0.7613371014595032,False
Geometry-aware,geometry_aware,52,sinusoidal,newtonian,0.7851043343544006,0.19962646067142487,0.0,0.38835129141807556,False
Geometry-aware,geometry_aware,58,sinusoidal,newtonian,0.0865972563624382,0.4834921658039093,0.0,0.47099000215530396,False
Geometry-aware,geometry_aware,69,sinusoidal,newtonian,0.28960832953453064,0.549751877784729,0.0,0.38363784551620483,False
Geometry-aware,geometry_aware,72,sinusoidal,power_law,0.6487146019935608,0.4354799687862396,0.0,0.7636313438415527,False
Geometry-aware,geometry_aware,76,sinusoidal,newtonian,0.13161560893058777,0.24829936027526855,0.0,0.2264113873243332,False
Geometry-aware,geometry_aware,92,sinusoidal,newtonian,0.3344127833843231,0.7202280759811401,0.0,0.5266149044036865,False
Geometry-aware,geometry_aware,96,sinusoidal,power_law,0.92010498046875,0.029393373057246208,0.0,0.053449179977178574,False
Geometry-aware,geometry_aware,114,sinusoidal,power_law,0.4630037844181061,0.2571200728416443,0.0,0.15283775329589844,False
Geometry-aware,geometry_aware,117,sinusoidal,power_law,0.8726673722267151,0.31872090697288513,0.0,0.5763686299324036,False
Geometry-aware,geometry_aware,122,sinusoidal,newtonian,0.4610035717487335,0.17930381000041962,0.0,0.27952176332473755,False
Geometry-aware,geometry_aware,126,sinusoidal,power_law,1.0907554626464844,0.2550314664840698,0.0,0.4248015582561493,False
Geometry-aware,geometry_aware,129,sinusoidal,newtonian,0.13063973188400269,0.1746830940246582,0.0,0.204029381275177,False
Geometry-aware,geometry_aware,134,sinusoidal,power_law,0.381693571805954,0.30219802260398865,0.0,0.3843984603881836,False
Geometry-aware,geometry_aware,136,sinusoidal,newtonian,0.08007781952619553,0.3432188034057617,0.0,0.33729204535484314,False
Geometry-aware,geometry_aware,145,sinusoidal,newtonian,0.03981020674109459,0.22872015833854675,0.0,0.23036454617977142,False
Geometry-aware,geometry_aware,146,sinusoidal,power_law,0.15717142820358276,0.7369264960289001,0.0,0.6789486408233643,False
Geometry-aware,geometry_aware,148,sinusoidal,newtonian,0.08252071589231491,0.5448064804077148,0.0,0.5164435505867004,False
Geometry-aware,geometry_aware,149,sinusoidal,power_law,0.05304070562124252,0.8191092014312744,0.0,0.8604800701141357,False
Geometry-aware,geometry_aware,150,sinusoidal,power_law,0.19162097573280334,0.23493704199790955,0.0,0.22129623591899872,False
Geometry-aware,geometry_aware,151,sinusoidal,newtonian,0.3923303484916687,0.19582059979438782,0.0,0.11816919595003128,False
Geometry-aware,geometry_aware,160,sinusoidal,newtonian,0.05667072534561157,0.23550225794315338,0.0,0.2553977966308594,False
Geometry-aware,geometry_aware,163,sinusoidal,power_law,0.5109089612960815,0.27110594511032104,0.0,0.38237273693084717,False
Geometry-aware,geometry_aware,165,sinusoidal,power_law,0.21943318843841553,0.30861523747444153,0.0,0.36335015296936035,False
Geometry-aware,geometry_aware,170,sinusoidal,power_law,0.07598835229873657,0.22011563181877136,0.0,0.19575713574886322,False
Geometry-aware,geometry_aware,172,sinusoidal,newtonian,0.248526468873024,0.08246850967407227,0.0,0.06278442591428757,False
Geometry-aware,geometry_aware,174,sinusoidal,newtonian,0.3926023542881012,0.35930338501930237,0.0,0.22820714116096497,False
Geometry-aware,geometry_aware,196,sinusoidal,power_law,0.27358514070510864,0.48241329193115234,0.0,0.3703572154045105,False
Geometry-aware,geometry_aware,199,sinusoidal,newtonian,0.09213681519031525,0.09800326079130173,0.0,0.11324185132980347,False
Geometry-aware,geometry_aware,205,sinusoidal,newtonian,0.024194682016968727,0.31824955344200134,0.0,0.33001989126205444,False
Geometry-aware,geometry_aware,209,sinusoidal,power_law,0.5663310289382935,0.05162109434604645,0.0,0.08050933480262756,False
Geometry-aware,geometry_aware,212,sinusoidal,power_law,0.8334152698516846,0.04108118638396263,0.0,0.08366520702838898,False
Geometry-aware,geometry_aware,213,sinusoidal,newtonian,0.17189070582389832,0.2424718290567398,0.0,0.19931171834468842,False
Geometry-aware,geometry_aware,218,sinusoidal,newtonian,0.18655987083911896,0.45421215891838074,0.0,0.3494556248188019,False
Geometry-aware,geometry_aware,219,sinusoidal,power_law,0.5299122333526611,0.09955015033483505,0.0,0.04839860647916794,False
Geometry-aware,geometry_aware,220,sinusoidal,power_law,1.99853515625,0.05283971130847931,0.0,0.1410491168498993,False
Geometry-aware,geometry_aware,222,sinusoidal,newtonian,0.2417246252298355,0.25374525785446167,0.0,0.3200076222419739,False
Geometry-aware,geometry_aware,224,sinusoidal,power_law,0.17668509483337402,0.23922835290431976,0.0,0.20947620272636414,False
Geometry-aware,geometry_aware,227,sinusoidal,power_law,0.42690902948379517,0.35903024673461914,0.0,0.21991728246212006,False
Geometry-aware,geometry_aware,233,sinusoidal,newtonian,0.55487060546875,0.19573628902435303,0.0,0.30732491612434387,False
Geometry-aware,geometry_aware,245,sinusoidal,newtonian,0.44236013293266296,0.1819748431444168,0.0,0.2988995611667633,False
Geometry-aware,geometry_aware,249,sinusoidal,newtonian,0.05582500621676445,0.6667985320091248,0.0,0.6329875588417053,False
Geometry-aware,geometry_aware,254,sinusoidal,newtonian,0.11652399599552155,0.32281363010406494,0.0,0.34883642196655273,False
Geometry-aware,geometry_aware,261,sinusoidal,newtonian,0.0237724632024765,0.953031599521637,0.0,0.951818585395813,False
Geometry-aware,geometry_aware,262,sinusoidal,newtonian,0.4175848662853241,0.37255948781967163,0.0,0.5370071530342102,False
Geometry-aware,geometry_aware,264,sinusoidal,power_law,0.23626132309436798,0.45829418301582336,0.0,0.3501371443271637,False
Geometry-aware,geometry_aware,266,sinusoidal,power_law,0.49997690320014954,0.0951462984085083,0.0,0.05846980959177017,False
Geometry-aware,geometry_aware,267,sinusoidal,newtonian,0.37226834893226624,0.2510928809642792,0.0,0.38005656003952026,False
Geometry-aware,geometry_aware,282,sinusoidal,power_law,0.03728600963950157,0.213345468044281,0.0,0.22545692324638367,False
Geometry-aware,geometry_aware,284,sinusoidal,power_law,0.09714379161596298,0.28798165917396545,0.0,0.2718498110771179,False
Geometry-aware,geometry_aware,289,sinusoidal,power_law,0.0906553864479065,0.35314053297042847,0.0,0.41064393520355225,False
Geometry-aware,geometry_aware,290,sinusoidal,power_law,0.4205375015735626,0.6908345818519592,0.0,0.4094587564468384,False
Geometry-aware,geometry_aware,297,sinusoidal,power_law,0.09240258485078812,0.7806947231292725,0.0,0.8824952840805054,False
Geometry-aware,geometry_aware,303,sinusoidal,newtonian,0.30335143208503723,0.20553143322467804,0.0,0.2911822199821472,False
Geometry-aware,geometry_aware,306,sinusoidal,power_law,0.49690014123916626,0.0773938000202179,0.0,0.11818499863147736,False
Geometry-aware,geometry_aware,307,sinusoidal,newtonian,0.1398625522851944,0.24177706241607666,0.0,0.28111594915390015,False
Geometry-aware,geometry_aware,312,sinusoidal,power_law,0.2910214960575104,0.2984110116958618,0.0,0.2300545871257782,False
Geometry-aware,geometry_aware,314,sinusoidal,power_law,0.569165825843811,0.261457234621048,0.0,0.4166812300682068,False
Geometry-aware,geometry_aware,318,sinusoidal,newtonian,0.8571722507476807,0.31523147225379944,0.0,0.642144501209259,False
Geometry-aware,geometry_aware,320,sinusoidal,power_law,0.04797433316707611,0.9133955836296082,0.0,0.8857388496398926,False
Geometry-aware,geometry_aware,323,sinusoidal,power_law,1.2413663864135742,0.38779664039611816,0.0,0.7948562502861023,False
Geometry-aware,geometry_aware,331,sinusoidal,power_law,0.1724608689546585,0.08944608271121979,0.0,0.07981584221124649,False
Geometry-aware,geometry_aware,352,sinusoidal,power_law,0.3148675858974457,0.6843958497047424,0.0,0.45048919320106506,False
Geometry-aware,geometry_aware,358,sinusoidal,newtonian,0.24514274299144745,0.1883573979139328,0.0,0.16342511773109436,False
Geometry-aware,geometry_aware,366,sinusoidal,newtonian,0.016484584659337997,0.26343202590942383,0.0,0.2625620365142822,False
Geometry-aware,geometry_aware,371,sinusoidal,power_law,0.23619568347930908,0.18076668679714203,0.0,0.15421555936336517,False
Geometry-aware,geometry_aware,381,sinusoidal,newtonian,0.34782135486602783,0.36557167768478394,0.0,0.20672550797462463,False
Geometry-aware,geometry_aware,386,sinusoidal,power_law,0.109941765666008,0.1992417722940445,0.0,0.16635222733020782,False
Geometry-aware,geometry_aware,398,sinusoidal,newtonian,0.6176165342330933,0.41800808906555176,0.0,0.6089721322059631,False
Geometry-aware,geometry_aware,401,sinusoidal,power_law,0.1641901284456253,0.1430584192276001,0.0,0.13539384305477142,False
Geometry-aware,geometry_aware,405,sinusoidal,newtonian,0.3193337321281433,0.1322673261165619,0.0,0.09105037897825241,False
Geometry-aware,geometry_aware,406,sinusoidal,power_law,0.221037819981575,0.22641345858573914,0.0,0.2780255675315857,False
Geometry-aware,geometry_aware,408,sinusoidal,newtonian,0.02030573971569538,0.257407546043396,0.0,0.26645004749298096,False
Geometry-aware,geometry_aware,409,sinusoidal,newtonian,0.8552354574203491,0.16433367133140564,0.0,0.3264394998550415,False
Geometry-aware,geometry_aware,412,sinusoidal,power_law,0.05675103887915611,0.5959109663963318,0.0,0.5854429006576538,False
Geometry-aware,geometry_aware,425,sinusoidal,newtonian,0.30548039078712463,0.6420634984970093,0.0,0.8356005549430847,False
Geometry-aware,geometry_aware,430,sinusoidal,newtonian,0.09938208758831024,0.8247166872024536,0.0,0.7109583020210266,False
Geometry-aware,geometry_aware,434,sinusoidal,newtonian,0.4721076488494873,0.9798305034637451,0.0,0.5376067757606506,False
Geometry-aware,geometry_aware,439,sinusoidal,power_law,0.24877171218395233,0.15902796387672424,0.0,0.11471595615148544,False
Geometry-aware,geometry_aware,446,sinusoidal,power_law,0.25365039706230164,0.07420922815799713,0.0,0.09445677697658539,False
Geometry-aware,geometry_aware,449,sinusoidal,newtonian,0.09269832074642181,0.3539677560329437,0.0,0.3617119789123535,False
Geometry-aware,geometry_aware,452,sinusoidal,newtonian,0.1762010008096695,0.46912193298339844,0.0,0.5680124759674072,False
Geometry-aware,geometry_aware,453,sinusoidal,power_law,0.21140611171722412,0.0862155482172966,0.0,0.1154465302824974,False
Geometry-aware,geometry_aware,461,sinusoidal,newtonian,0.06425364315509796,0.31964343786239624,0.0,0.3057708740234375,False
Geometry-aware,geometry_aware,466,sinusoidal,newtonian,0.5930827260017395,0.23015978932380676,0.0,0.3735417425632477,False
Geometry-aware,geometry_aware,467,sinusoidal,newtonian,0.07229193300008774,0.24098718166351318,0.0,0.272851824760437,False
Geometry-aware,geometry_aware,477,sinusoidal,power_law,0.13863426446914673,0.23380228877067566,0.0,0.2712123394012451,False
Geometry-aware,geometry_aware,480,sinusoidal,power_law,0.06790049374103546,0.18271684646606445,0.0,0.17803429067134857,False
Geometry-aware,geometry_aware,485,sinusoidal,newtonian,0.23344391584396362,0.23827384412288666,0.0,0.18104460835456848,False
Geometry-aware,geometry_aware,488,sinusoidal,power_law,0.17571742832660675,0.0678517296910286,0.0,0.08184526860713959,False
Geometry-aware,geometry_aware,497,sinusoidal,newtonian,0.8640973567962646,0.12191984057426453,0.0,0.24421535432338715,False
